cinema_id,multiplex_id,area_id,cinema_name,cinema_addr
CG11001,1,11,강남,서울특별시 강남구 역삼동 814-6 스타플렉스 6층
CG11002,1,11,강변,서울특별시 광진구 구의동 546-4 테크노마트10층
CG11003,1,11,건대입구,서울특별시 광진구 자양동 9-4 몰오브케이
CG11004,1,11,고덕강일,서울특별시 강동구 고덕동 353-23
CG11005,1,11,구로,서울특별시 구로구 구로동 573 애경백화점 6층
CG11006,1,11,대학로,서울특별시 종로구 명륜2가 41-9 대학로CGV 2층
CG11007,1,11,동대문,서울특별시 중구 을지로6가 17-2 현대시티타워
CG11008,1,11,등촌,서울특별시 강서구 등촌동 639-23 3~9층
CG11009,1,11,명동,서울특별시 중구 명동2가 83-5 Noon Square
CG11010,1,11,명동역씨네라이브러리,서울특별시 중구 충무로2가 65-9
CG11011,1,11,미아점,서울특별시 강북구 미아동 35-4 트레지오 쇼핑몰 9층
CG11012,1,11,방학,서울특별시 도봉구 방학동 707-6
CG11013,1,11,불광,서울특별시 은평구 대조동 240번지 팜스퀘어
CG11014,1,11,상봉,서울특별시 중랑구 상봉동 501
CG11015,1,11,성신여대입구,서울특별시 성북구 동선동1가 1-2 유타몰 12층
CG11016,1,11,송파,서울특별시 송파구 문정동 516 가든파이브라이프영관 10층
CG11017,1,11,수유,서울특별시 강북구 수유동 168-12
CG11018,1,11,신촌아트레온,서울특별시 서대문구 창천동 20-25
CG11019,1,11,압구정,서울특별시 강남구 신사동 603-2
CG11020,1,11,여의도,서울특별시 영등포구 여의도동 23
CG11021,1,11,연남,서울특별시 마포구 동교동 167-2 LC TOWER
CG11022,1,11,영등포,서울특별시 영등포구 영등포동4가 442
CG11023,1,11,왕십리,서울특별시 성동구 행당동 168-151 왕십리민자역사
CG11024,1,11,용산아이파크몰,서울특별시 용산구 한강로3가 40-961
CG11025,1,11,중계,서울특별시 노원구 중계동 509-2 홈플러스
CG11026,1,11,천호,서울특별시 강동구 천호동 42
CG11027,1,11,청담씨네시티,서울특별시 강남구 신사동 651-21
CG11028,1,11,피카디리1958,서울특별시 종로구 돈의동 137 피카디리플러스
CG11029,1,11,하계,서울특별시 노원구 중계동 506-1
CG11030,1,11,홍대,서울특별시 마포구 동교동 159-8
CG12001,1,12,경기광주점,경기도 광주시 역동 16-1
CG12002,1,12,고양백석,경기도 고양시 일산동구 백석동 1242 고양종합터미날  5층
CG12003,1,12,고양행신,"경기도 고양시 덕양구 행신동 762-2 로터스플레이스 5,6층"
CG12004,1,12,광교,경기도 수원시 영통구 하동 1017-2 갤러리아 광교
CG12005,1,12,광교상현,경기도 용인시 수지구 상현동 1116-4번지
CG12006,1,12,광명역,경기도 광명시 일직동 514
CG12007,1,12,구리,경기도 구리시 인창동 676-2 CGV구리
CG12008,1,12,구리갈매,경기도 구리시 갈매동 552-4
CG12009,1,12,기흥,경기도 용인시 기흥구 구갈동 679
CG12010,1,12,김포,경기도 김포시 풍무동 202-1
CG12011,1,12,김포운양,경기도 김포시 운양동 1296-9 8층~9층
CG12012,1,12,김포한강,경기도 김포시 걸포동 1574-3번지
CG12013,1,12,남양주화도,경기도 남양주시 화도읍 녹촌리 46-23
CG12014,1,12,다산,경기도 남양주시 다산동 6143
CG12015,1,12,동두천,경기도 동두천시 생연동 364-1
CG12016,1,12,동백,경기도 용인시 기흥구 중동 833번지 쥬네브썬월드빌딩 7001호
CG12017,1,12,동수원,경기도 수원시 팔달구 인계동 1113-11 7층~10층동
CG12018,1,12,동탄,경기도 화성시 반송동 96 메타폴리스 A동
CG12019,1,12,동탄그랑파사쥬,"경기도 화성시 송동 725-1 더샵 동탄센텀폴리스 1,2단지"
CG12020,1,12,동탄역,경기도 화성시 오산동 967-150
CG12021,1,12,동탄호수공원,경기도 화성시 송동 694
CG12022,1,12,문산점,경기도 파주시 문산읍 당동리 892
CG12023,1,12,배곧,경기도 시흥시 정왕동 1771-1 서영베니스스퀘어
CG12024,1,12,범계,경기도 안양시 동안구 호계동 1039-3 뉴코아아울렛 11층
CG12025,1,12,부천,경기도 부천시 원미구 중동
CG12026,1,12,부천역,경기도 부천시 원미구 심곡동 383-1 씨네마홀 8층
CG12027,1,12,북수원,경기도 수원시 장안구 조원동 893 아일렛 4층
CG12028,1,12,산본,경기도 군포시 산본동 1142-2 4층
CG12029,1,12,서현,경기도 성남시 분당구 서현동 256
CG12030,1,12,소풍,"경기도 부천시 원미구 상동 539-1 소풍 6,7,8층"
CG12031,1,12,스타필드시티위례,경기도 하남시 학암동 660 스타필드시티 위례점
CG12032,1,12,시흥,경기도 시흥시 대야동 568-1 7층
CG12033,1,12,신세계경기,경기도 용인시 수지구 죽전동 1285 (주)신세계 사우스시티
CG12034,1,12,안산,경기도 안산시 단원구 고잔동 725-1
CG12035,1,12,안성,경기도 안성시 석정동 139-1
CG12036,1,12,야탑,경기도 성남시 분당구 야탑동 341 테마폴리스 지하2층
CG12037,1,12,양주옥정,경기도 양주시 옥정동 963-12
CG12038,1,12,역곡,경기도 부천시 소사구 괴안동 113-1 역곡하이뷰 6~8층
CG12039,1,12,오리,경기도 성남시 분당구 구미동 159 분당월드유통센타4층
CG12040,1,12,오산,경기도 오산시 원동 763-21번지
CG12041,1,12,오산중앙,경기도 오산시 원동 335-10
CG12042,1,12,용인,경기도 용인시 처인구 김량장동 301-3번지 시네마일번가 5~8층
CG12043,1,12,의정부,경기도 의정부시 의정부동 168-54 신세계백화점 10층
CG12044,1,12,의정부태흥,경기도 의정부시 의정부동 494 외 6필지
CG12045,1,12,이천,경기도 이천시 중리동 201-1번지
CG12046,1,12,일산,"경기도 고양시 일산동구 장항동 867외1필지 지상 3,4,5,6층"
CG12047,1,12,파주야당,경기도 파주시 야당동 1066
CG12048,1,12,판교,경기도 성남시 분당구 백현동 541
CG12049,1,12,평촌,경기도 안양시 동안구 관양동 1606 평촌주공공이 9층
CG12050,1,12,평택,경기도 평택시 평택동 185-104
CG12051,1,12,평택고덕,경기도 평택시 장당동 154 판매시설동 301호
CG12052,1,12,평택소사,경기도 평택시 비전동 1090-2
CG12053,1,12,포천,경기도 포천시 소흘읍 송우리 110-3
CG12054,1,12,하남미사,경기도 하남시 망월동 1100 힐스테이트 미사역 그랑파사쥬(12-1BL)
CG12055,1,12,화성봉담,경기도 화성시 봉담읍 동화리 564
CG12056,1,12,화정,경기도 고양시 덕양구 화정동 966-1 씨네마플러스 4/5/6층
CG13001,1,13,계양,인천광역시 계양구 작전동 899-1 8층
CG13002,1,13,남주안점,인천광역시 미추홀구 주안동 141-8번지 10~11층
CG13003,1,13,부평,인천광역시 부평구 청천동 386번지 386
CG13004,1,13,송도타임스페이스,인천광역시 연수구 송도동 8-21 송도타임스페이스
CG13005,1,13,연수역,인천광역시 연수구 청학동 496-4 연수동광장프라자 10층
CG13006,1,13,인천,인천광역시 남동구 구월동 1130
CG13007,1,13,인천가정,인천광역시 서구 가정동 0 루원지웰시티푸르지오 상가동 지하1호
CG13008,1,13,인천논현,인천광역시 남동구 논현동 646-2 4층
CG13009,1,13,인천도화점,인천광역시 미추홀구 도화동 1011 더샵 인천스카이타워 1단지
CG13010,1,13,인천시민공원,인천광역시 미추홀구 주안동 0 포레나 미추홀
CG13011,1,13,인천연수,인천광역시 연수구 동춘동 926 스퀘어원 4층
CG13012,1,13,인천학익점,인천광역시 미추홀구 학익동 401-21
CG13013,1,13,주안역,인천광역시 미추홀구 주안동 30-1 카라아울렛 7층
CG13014,1,13,청라,인천광역시 서구 청라동 155-7 청라스퀘어세븐 350호
CG14001,1,14,강릉,강원특별자치도 강릉시 옥천동 189 7층
CG14002,1,14,기린,강원특별자치도 인제군 기린면 서리 3-1
CG14003,1,14,원주,강원특별자치도 원주시 단계동 877-1 7~10층
CG14004,1,14,춘천,강원특별자치도 춘천시 퇴계동 1017 7층
CG15001,1,15,가수원점,대전광역시 서구 도안동 1774 KD U PLAZA
CG15002,1,15,논산,충청남도 논산시 내동 452
CG15003,1,15,당진,충청남도 당진시 읍내동 1532
CG15004,1,15,대전,대전광역시 중구 문화동 1-16 세이2 지상6~8층
CG15005,1,15,대전가오,대전광역시 동구 가오동 557
CG15006,1,15,대전탄방,대전광역시 서구 탄방동 744 세이탄방점
CG15007,1,15,대전터미널,대전광역시 동구 용전동 68-2 대전복합터미널 동관 3~4층
CG15008,1,15,보령,충청남도 보령시 대천동 324-4
CG15009,1,15,서산,충청남도 서산시 동문동 1029-1
CG15010,1,15,세종,세종특별자치시 종촌동 673
CG15011,1,15,아산,충청남도 아산시 온천동 79-1
CG15012,1,15,유성노은,대전광역시 유성구 지족동 905-4
CG15013,1,15,천안,충청남도 천안시 동남구 대흥동 102-10 오렌지씨네스타 5층
CG15014,1,15,천안시청,충청남도 천안시 서북구 불당동 1485
CG15015,1,15,천안터미널,충청남도 천안시 동남구 신부동 354-1
CG15016,1,15,천안펜타포트,충청남도 천안시 서북구 불당동 1289
CG15017,1,15,청주서문,충청북도 청주시 상당구 서문동 29-2
CG15018,1,15,청주지웰시티,충청북도 청주시 흥덕구 복대동 288-14 3층
CG15019,1,15,청주터미널,충청북도 청주시 흥덕구 가경동 1416-3 드림플러스 8층
CG15020,1,15,충북혁신,충청북도 음성군 맹동면 동성리 500번지
CG15021,1,15,충주교현,충청북도 충주시 교현동 539-1
CG15022,1,15,홍성,충청남도 홍성군 홍성읍 고암리 1042 리산인플렉스 6층
CG16001,1,16,대구,대구광역시 북구 칠성동2가 20
CG16002,1,16,대구수성,대구광역시 수성구 범물동 1273 동아백화점 수성점 9층
CG16003,1,16,대구스타디움,대구광역시 수성구 대흥동 504 B2F
CG16004,1,16,대구아카데미,대구광역시 중구 남일동 65-1
CG16005,1,16,대구연경,대구광역시 북구 연경동 1078-2
CG16006,1,16,대구월성,대구광역시 달서구 월성동 1846
CG16007,1,16,대구죽전,대구광역시 달서구 죽전동 273-27
CG16008,1,16,대구한일,대구광역시 중구 동성로2가 88-22
CG16009,1,16,대구현대,대구광역시 중구 계산동2가 200
CG16010,1,16,센텀시티,부산광역시 해운대구 우동 1495 신세계백화점 8층
CG16011,1,16,해운대,부산광역시 해운대구 우동 539-10 라뮤에뜨 2층
CG17001,1,17,대연,부산광역시 남구 대연동 73-15 스파크 6층
CG17002,1,17,동래,부산광역시 동래구 온천동 153-8 SKHUBSKY
CG17003,1,17,서면,부산광역시 부산진구 전포동 892-20 지오플레이스 6층
CG17004,1,17,서면삼정타워,부산광역시 부산진구 부전동 227-2 삼정타워 11층
CG17005,1,17,서면상상마당,부산광역시 부산진구 부전동 521-1 KT&G 상상마당부산
CG17006,1,17,아시아드,부산광역시 연제구 거제동 1208
CG17007,1,17,울산동구,울산광역시 동구 방어동 58-2
CG17008,1,17,울산삼산,울산광역시 남구 삼산동 1569-1 업스퀘어 6층
CG17009,1,17,울산성남,울산광역시 중구 성남동 3-6
CG17010,1,17,울산신천,울산광역시 북구 신천동 51 신천CGV LEEPLEX
CG17011,1,17,울산진장,울산광역시 북구 진장동 120-9 CGV
CG17012,1,17,정관,부산광역시 기장군 정관읍 매학리 717-6
CG17013,1,17,하단아트몰링,부산광역시 사하구 하단동 526-6
CG18001,1,18,거제,경상남도 거제시 장평동 1211
CG18002,1,18,경산,경상북도 경산시 중방동 897
CG18003,1,18,고성,경상남도 고성군 고성읍 서외리 77-1 고성군 작은영화관
CG18004,1,18,구미,경상북도 구미시 원평동 68-1번지
CG18005,1,18,김천율곡,경상북도 김천시 율곡동 1123번지
CG18006,1,18,김해,경상남도 김해시 내동 1131-4 휴앤락몰
CG18007,1,18,김해율하,경상남도 김해시 율하동 1347-2번지
CG18008,1,18,김해장유,경상남도 김해시 대청동 302-5
CG18009,1,18,마산,경상남도 창원시 마산회원구 합성동 126-4
CG18010,1,18,북포항,경상북도 포항시 북구 덕산동 235-4
CG18011,1,18,안동,경상북도 안동시 용상동 1426-1번지
CG18012,1,18,양산삼호점,경상남도 양산시 삼호동 1010-3번지
CG18013,1,18,진주혁신,경상남도 진주시 충무공동 225-1
CG18014,1,18,창원,경상남도 창원시 의창구 팔용동 30-1
CG18015,1,18,창원더시티,"경상남도 창원시 성산구 대원동 121 W224,W306,W401"
CG18016,1,18,창원상남,경상남도 창원시 성산구 상남동 77-4
CG18017,1,18,통영,경상남도 통영시 북신동 698-1 월드지브이존
CG19001,1,19,광양,전라남도 광양시 금호동 624-12
CG19002,1,19,광양엘에프스퀘어,전라남도 광양시 광양읍 덕례리 702
CG19003,1,19,광주금남로,광주광역시 동구 불로동 1-21
CG19004,1,19,광주상무,광주광역시 서구 치평동 1218-1
CG19005,1,19,광주용봉,광주광역시 북구 용봉동 17-1
CG19006,1,19,광주충장로,광주광역시 동구 충장로4가 29-2
CG19007,1,19,광주하남,광주광역시 광산구 하남동 832 TERRACE56  PICNICMALL
CG19008,1,19,나주점,전라남도 나주시 빛가람동 203-3번지 티씨씨타워 4층
CG19009,1,19,목포,전라남도 목포시 상동 892
CG19010,1,19,목포평화광장,전라남도 목포시 상동 1129-6
CG19011,1,19,서전주,전라북도 전주시 완산구 효자동3가 1531-2 M-SQUARE
CG19012,1,19,순천,전라남도 순천시 장천동 54-1
CG19013,1,19,순천신대,전라남도 순천시 해룡면 신대리 2139
CG19014,1,19,여수웅천,전라남도 여수시 웅천동 1699-501
CG19015,1,19,익산,전라북도 익산시 영등동 149-1
CG19016,1,19,전주고사,전라북도 전주시 완산구 고사동 355-1
CG19017,1,19,전주에코시티,전라북도 전주시 덕진구 송천동2가 1329-1 로마네시티 현대썬앤빌 전주
CG19018,1,19,전주효자,전라북도 전주시 완산구 효자동1가 434
CG19019,1,19,정읍,전라북도 정읍시 수성동 525-1
CG19020,1,19,제주,제주특별자치도 제주시 이도이동 1776-3 (서광로17)
CG19021,1,19,제주노형,제주특별자치도 제주시 노형동 1288-5
CG19022,1,19,첨단점,광주광역시 광산구 쌍암동 694-35
LC11001,3,11,가산디지털,서울특별시 금천구 가산동 60-8 현대시티아울렛 가산점
LC11002,3,11,가양,"서울특별시 강서구 등촌동 73-1 4,5,6층"
LC11003,3,11,강동,서울특별시 강동구 성내동 44-1번지
LC11004,3,11,건대입구관,서울특별시 광진구 자양동 227-7 더샵스타시티
LC11005,3,11,김포공항,서울특별시 강서구 방화동 886 스카이파크
LC11006,3,11,노원,서울특별시 노원구 상계동 713
LC11007,3,11,도곡,서울특별시 강남구 도곡동 174-3
LC11008,3,11,독산,서울특별시 금천구 독산동 291-5
LC11009,3,11,서울대입구,서울특별시 관악구 봉천동 862-1 12층
LC11010,3,11,수유,서울특별시 강북구 번동 449-1
LC11011,3,11,신대방,서울특별시 동작구 신대방동 686-48 동작 협성휴포레 시그니처
LC11012,3,11,신도림,서울특별시 구로구 신도림동 692 디큐브시티 제타워동 7~8층 일부
LC11013,3,11,신림,서울특별시 관악구 신림동 1641-2 14층
LC11014,3,11,에비뉴엘,서울특별시 중구 남대문로2가 130
LC11015,3,11,영등포,서울특별시 영등포구 영등포동 618-496 외 12필지
LC11016,3,11,용산,서울특별시 용산구 한강로3가 16-9 4~5층
LC11017,3,11,월드타워,서울특별시 송파구 신천동 29
LC11018,3,11,은평,서울특별시 은평구 진관동 63
LC11019,3,11,중랑관,서울특별시 중랑구 묵동 234-1
LC11020,3,11,청량리,"서울특별시 동대문구 전농동 591-53 청량리민자역사 8층,9층"
LC11021,3,11,합정,서울특별시 마포구 서교동 490 메세나폴리스 2층
LC11022,3,11,홍대입구관,서울특별시 마포구 동교동 166-6
LC12001,3,12,광교,경기도 수원시 영통구 이의동 1338
LC12002,3,12,광명광명사거리,"경기도 광명시 광명동 150-19 크로앙스 7,8층"
LC12003,3,12,광명아울렛,경기도 광명시 일직동 500
LC12004,3,12,구리아울렛,경기도 구리시 인창동 419-7 6~8층 롯데시네마 구리아울렛
LC12005,3,12,동탄,경기도 화성시 오산동 967-157
LC12006,3,12,라페스타,경기도 고양시 일산동구 장항동 764 라페스타C
LC12007,3,12,마석,경기도 남양주시 화도읍 마석우리 255-24
LC12008,3,12,별내,경기도 남양주시 별내동 1005
LC12009,3,12,병점관,경기도 화성시 병점동 844-1 씨네샤르망
LC12010,3,12,부천,경기도 부천시 원미구 중동 1141-2 8층~14층
LC12011,3,12,북수원천천동,경기도 수원시 장안구 천천동 516
LC12012,3,12,산본피트인,경기도 군포시 산본동 1145-6 10층
LC12013,3,12,서수원,경기도 수원시 권선구 금곡동 1114-1 리더스 빌딩 10층호
LC12014,3,12,성남중앙,경기도 성남시 수정구 신흥동 4124 신흥역 시네마타워
LC12015,3,12,센트럴락,경기도 안산시 단원구 고잔동 539-2 조이월드상가 901호
LC12016,3,12,송탄,경기도 평택시 서정동 818-36
LC12017,3,12,수원,경기도 수원시 권선구 서둔동 296-77 롯데몰
LC12018,3,12,수지,경기도 용인시 수지구 성복동 23 롯데몰성복점
LC12019,3,12,시화,경기도 시흥시 정왕동 2327-2 외1필지 4층
LC12020,3,12,시흥장현,경기도 시흥시 능곡동 235-1 시흥 플랑드르
LC12021,3,12,안산,경기도 안산시 상록구 성포동 590
LC12022,3,12,안산고잔,경기도 안산시 단원구 고잔동 717-2
LC12023,3,12,안성,경기도 안성시 공도읍 양기리 306
LC12024,3,12,안양,경기도 안양시 만안구 안양동 88-1 8층
LC12025,3,12,안양일번가,경기도 안양시 만안구 안양동 676-1 PROJECT 500 TOWER
LC12026,3,12,양주고읍,경기도 양주시 광사동 651-6번지
LC12027,3,12,오산,경기도 오산시 원동 300-8 씨네마아울렛 5층
LC12028,3,12,용인기흥,경기도 용인시 기흥구 구갈동 234 힐스테이트 기흥
LC12029,3,12,용인역북,경기도 용인시 처인구 역북동 510
LC12030,3,12,위례,경기도 성남시 수정구 창곡동 23-4 위례한화오벨리스크센트럴스퀘어 지하1층
LC12031,3,12,의정부민락,"경기도 의정부시 민락동 804-6 해동타워 8,9층"
LC12032,3,12,인천아시아드,인천광역시 서구 연희동 378 인천아시아드주경기장
LC12033,3,12,주엽일산,경기도 고양시 일산서구 주엽동 22 그랜드백화점일산점
LC12034,3,12,진접,경기도 남양주시 진접읍 금곡리 1081-2 래일스타 10층
LC12035,3,12,파주아울렛,경기도 파주시 문발동 644 롯데프리미엄아울렛
LC12036,3,12,파주운정관,"경기도 파주시 목동동 927 3,4층"
LC12037,3,12,판교,경기도 성남시 수정구 시흥동 296-3
LC12038,3,12,평촌,경기도 안양시 동안구 호계동 1039
LC12039,3,12,하남미사,경기도 하남시 덕풍동 831-1 현대지식산업센터 한강미사2차(25BL)
LC12040,3,12,향남,경기도 화성시 향남읍 하길리 1470-2
LC13001,3,13,부평,인천광역시 부평구 부평동 152-1
LC13002,3,13,부평갈산,인천광역시 부평구 갈산동 94
LC13003,3,13,부평역사,인천광역시 부평구 부평동 738-21
LC13004,3,13,인천터미널,인천광역시 미추홀구 관교동 15 지하1층
LC14001,3,14,강릉,강원특별자치도 강릉시 성남동 254
LC14002,3,14,남원주,강원특별자치도 원주시 단구동 1511-2 (스타월드 6층)
LC14003,3,14,동해,강원특별자치도 동해시 천곡동 863
LC14004,3,14,속초,강원특별자치도 속초시 금호동 473-235
LC14005,3,14,원주무실,강원특별자치도 원주시 무실동 1857-10 9층
LC14006,3,14,춘천,강원특별자치도 춘천시 죽림동 189
LC15001,3,15,당진,충청남도 당진시 수청동 1041
LC15002,3,15,대전,대전광역시 서구 괴정동 423-1 10층
LC15003,3,15,대전관저,대전광역시 서구 관저동 1735
LC15004,3,15,대전센트럴관,대전광역시 서구 둔산동 1279 6층
LC15005,3,15,서산,충청남도 서산시 동문동 193-1번지 외 2필지
LC15006,3,15,서산관,충청남도 서산시 동문동 193-1번지
LC15007,3,15,서청주,충청북도 청주시 흥덕구 비하동 332-1
LC15008,3,15,아산터미널,충청남도 아산시 모종동 555-5
LC15009,3,15,오송,충청북도 청주시 흥덕구 오송읍 봉산리 996 7층
LC15010,3,15,천안불당,충청남도 천안시 서북구 불당동 1537-2
LC15011,3,15,천안청당,충청남도 천안시 동남구 청당동 547
LC15012,3,15,청주용암,충청북도 청주시 상당구 용암동 1703
LC15013,3,15,충주점,충청북도 충주시 달천동 786-3
LC16001,3,16,광장관,대구광역시 서구 내당동 463-62 M플라자
LC16002,3,16,동성로,대구광역시 중구 동성로2가 66-1
LC16003,3,16,무비로드,대구광역시 달성군 현풍읍 중리 490
LC16004,3,16,상인,대구광역시 달서구 상인동 241
LC16005,3,16,성서,대구광역시 달서구 이곡동 1244-1
LC16006,3,16,센텀시티,부산광역시 해운대구 우동 1496
LC16007,3,16,율하,대구광역시 동구 율하동 1117
LC16008,3,16,프리미엄칠곡,대구광역시 북구 구암동 769-1번지 태을빌딩 6층
LC16009,3,16,해운대,부산광역시 해운대구 좌동 1479-1번지 웅신시네아트 704-1
LC17001,3,17,광복,부산광역시 중구 중앙동7가 43-2
LC17002,3,17,동래관,"부산광역시 동래구 온천동 502-3 (10,11층)"
LC17003,3,17,동부산,부산광역시 기장군 기장읍 당사리 64
LC17004,3,17,부산,부산광역시 강서구 명지동 3432-3
LC17005,3,17,부산본점관,부산광역시 부산진구 부전동 503-15 롯데백화점부산본점 10층
LC17006,3,17,부산장림,부산광역시 사하구 장림동 316-8
LC17007,3,17,오투,부산광역시 금정구 부곡동 298-2
LC17008,3,17,울산,"울산광역시 남구 삼산동 1480-1 시네마동 2,3,4,6층"
LC17009,3,17,울산성남,울산광역시 중구 성남동 256-24
LC18001,3,18,거창,경상남도 거창군 거창읍 중앙리 90-2
LC18002,3,18,경주,경상북도 경주시 노동동 73-2 2층
LC18003,3,18,경주황성,경상북도 경주시 황성동 800-22
LC18004,3,18,구미공단,"경상북도 구미시 공단동 253-2 박스인빌딩 4층 일부 5층,6층,7층"
LC18005,3,18,김해부원,경상남도 김해시 부원동 901 아이스퀘어몰
LC18006,3,18,김해아울렛,경상남도 김해시 신문동 1414
LC18007,3,18,마산합성동,경상남도 창원시 마산회원구 합성동 267 마산시외버스터미널
LC18008,3,18,사천,경상남도 사천시 사천읍 수석리 331
LC18009,3,18,상주,경상북도 상주시 서문동 140-2번지
LC18010,3,18,양산물금,경상남도 양산시 물금읍 가촌리 1269-13
LC18011,3,18,엠비씨네,경상남도 진주시 가좌동 700-1 (주)엠비씨 경남
LC18012,3,18,영주,경상북도 영주시 영주동 497
LC18013,3,18,진주혁신,경상남도 진주시 충무공동 35
LC18014,3,18,진해,경상남도 창원시 진해구 석동 543-3
LC18015,3,18,창원,"경상남도 창원시 성산구 상남동 79 롯데백화점3,5층"
LC18016,3,18,통영,경상남도 통영시 무전동 986 롯데시네마 줌아울렛관 3층
LC18017,3,18,포항,경상북도 포항시 북구 대흥동 563-3
LC18018,3,18,프리미엄경남대,경상남도 창원시 마산합포구 월남동5가 4-1 경남은행
LC18019,3,18,프리미엄구미센트럴,경상북도 구미시 원평동 147-9번지
LC18020,3,18,프리미엄안동,경상북도 안동시 옥동 734번지 테마프라자 401호
LC19001,3,19,광산,광주광역시 광산구 우산동 1597-1
LC19002,3,19,광주,광주광역시 동구 대인동 7-1
LC19003,3,19,광주첨단,광주광역시 광산구 쌍암동 654-2 힐스테이트 첨단
LC19004,3,19,군산나운,전라북도 군산시 나운동 114-34
LC19005,3,19,군산몰,전라북도 군산시 조촌동 450-21 롯데몰 군산점
LC19006,3,19,서귀포,제주특별자치도 서귀포시 법환동 914번지
LC19007,3,19,수완,광주광역시 광산구 장덕동 1678
LC19008,3,19,용인테크노밸리 ,전라남도 순천시 덕암동 151번지 701호
LC19009,3,19,익산모현관,전라북도 익산시 모현동1가 876
LC19010,3,19,전주,전라북도 전주시 완산구 서신동 971 롯데백화점(7~8층우측1번째)
LC19011,3,19,전주송천관,전라북도 전주시 덕진구 송천동2가 1422 파인트리몰 5~6층
LC19012,3,19,전주평화,전라북도 전주시 완산구 평화동1가 604-1
LC19013,3,19,제주연동,제주특별자치도 제주시 연동 1454 지하1층
LC19014,3,19,충장로,광주광역시 동구 황금동 12-2번지
MB11001,2,11,강남,"서울특별시 서초구 서초동 1317-20 아라타워, 10층"
MB11002,2,11,강동,서울특별시 강동구 성내동 549-1번지
MB11003,2,11,구의이스트폴,서울특별시 광진구 자양동 870 판매시설
MB11004,2,11,군자,서울특별시 광진구 군자동 477-12번지
MB11005,2,11,더부티크목동현대백화점,서울특별시 양천구 목동 916 현대백화점 지하2층
MB11006,2,11,마곡,서울특별시 강서구 마곡동 797-1 퀸즈파크나인
MB11007,2,11,목동,서울특별시 양천구 목동 917-6 행복한세상백화점 7층
MB11008,2,11,상봉,서울특별시 중랑구 상봉동 130-3 상봉뉴월드시네마 4층
MB11009,2,11,상암월드컵경기장,서울특별시 마포구 성산동 515 월드컵쇼핑몰내 1층
MB11010,2,11,성수,서울특별시 성동구 성수동1가 656-335 메가박스 스퀘어
MB11011,2,11,성수더부티크,서울특별시 성동구 성수동1가 656-335 메가박스 스퀘어
MB11012,2,11,센트럴더부티크,"서울특별시 서초구 반포동 19-3 센트럴시티, 지하1층"
MB11013,2,11,송파파크하비오점,서울특별시 송파구 문정동 618 파크하비오
MB11014,2,11,신촌,서울특별시 서대문구 신촌동 74-12 5층
MB11015,2,11,씨티강남대로,서울특별시 강남구 역삼동 816
MB11016,2,11,이수,서울특별시 동작구 사당동 147-53 골든씨네마 7층
MB11017,2,11,창동,서울특별시 도봉구 창동 715-14번지
MB11018,2,11,코엑스,서울특별시 강남구 삼성동 159
MB11019,2,11,홍대,서울특별시 마포구 동교동 160-4 아일렉스
MB11020,2,11,화곡,"서울특별시 강서구 화곡동 1073-10 메가박스(주) 화곡점 401,501호"
MB12001,2,12,고양스타필드,경기도 고양시 덕양구 동산동 370
MB12002,2,12,광명소하,경기도 광명시 소하동 1344 광명G타워
MB12003,2,12,금정AK플라자컴포트,경기도 군포시 금정동 916 힐스테이트 금정역
MB12004,2,12,남양주,경기도 남양주시 호평동 640
MB12005,2,12,남양주현대아울렛스페이스원,경기도 남양주시 다산동 6141 현대프리미엄아울렛 SPACE1 3~5층
MB12006,2,12,동탄,경기도 화성시 반송동 93-2
MB12007,2,12,동탄역점,경기도 화성시 오산동 979
MB12008,2,12,미사강변점,경기도 하남시 망월동 1079-2 성산타워
MB12009,2,12,백석벨라시타,경기도 고양시 일산동구 백석동 1237 일산 요진 와이시티
MB12010,2,12,별내점,경기도 남양주시 별내동 936-4 황산빌딩 7층
MB12011,2,12,분당,경기도 성남시 분당구 서현동 262-2
MB12012,2,12,성남모란,경기도 성남시 중원구 성남동 3499 9층
MB12013,2,12,수원,"경기도 수원시 권선구 권선동 1189 터미널동, 할인점동"
MB12014,2,12,수원남문점,경기도 수원시 팔달구 팔달로3가 84-5
MB12015,2,12,수원스타필드,경기도 수원시 장안구 정자동 111-14
MB12016,2,12,수원인계,경기도 수원시 팔달구 인계동 1125-1
MB12017,2,12,수원호매실점,경기도 수원시 권선구 호매실동 1397-2
MB12018,2,12,수원AK플라자,경기도 수원시 팔달구 매산로1가 18 수원역사6층
MB12019,2,12,시흥배곧,경기도 시흥시 정왕동 2514-1번지 M플러스 7-8F
MB12020,2,12,안산중앙,경기도 안산시 단원구 고잔동 535-1
MB12021,2,12,안성스타필드,경기도 안성시 공도읍 진사리 354 스타필드 안성
MB12022,2,12,양주,"경기도 양주시 광사동 651-1 9층 1,2,3호 10층 1,2,3,4호"
MB12023,2,12,용인테크노밸리,경기도 용인시 기흥구 청덕동 556번지 용인테크노밸리
MB12024,2,12,의정부민락점,경기도 의정부시 민락동 메가타워 메가박스 5~8층
MB12025,2,12,일산,경기도 고양시 일산서구 덕이동 219-10
MB12026,2,12,주백석벨라시타,경기도 고양시 일산동구 백석동 1237 일산 요진 와이시티
MB12027,2,12,중앙주김포한강신도시점,경기도 김포시 구래동 6882-4 두원타워
MB12028,2,12,중앙주백석벨라시타,경기도 고양시 일산동구 백석동 1237 일산 요진 와이시티
MB12029,2,12,중앙주부천스타필드시티,경기도 부천시 소사구 옥길동 768 스타필드시티 부천
MB12030,2,12,컴포트,경기도 광명시 일직동 512-3
MB12031,2,12,킨텍스,경기도 고양시 일산서구 대화동 2602 레이킨스 몰 3층
MB12032,2,12,테크노밸리,경기도 용인시 기흥구 청덕동 556 용인테크노밸리
MB12033,2,12,파주금촌,경기도 파주시 금촌동 329-158번지
MB12034,2,12,파주운정점,경기도 파주시 야당동 483-3번지 에스비프라자 4층
MB12035,2,12,평택비전,경기도 평택시 비전동 830
MB12036,2,12,하남스타필드,경기도 하남시 신장동 616
MB13001,2,13,검단,인천광역시 서구 당하동 1098-5번지 홀리랜드
MB13002,2,13,송도,인천광역시 연수구 송도동 176-5 송도트리플스트리트
MB13003,2,13,영종,인천광역시 중구 운서동 3088-3 영종예스타워복합상영관
MB13004,2,13,인천논현,인천광역시 남동구 논현동 747-1번지 6층
MB13005,2,13,인천학익,인천광역시 미추홀구 학익동 0 시티오씨엘 3단지
MB13006,2,13,청라점,인천광역시 서구 청라동 165-12 지젤엠청라 4층
MB14001,2,14,남춘천,강원특별자치도 춘천시 온의동 587-8 587-9 (2필지)
MB14002,2,14,속초점,강원특별자치도 속초시 조양동 1506-1
MB14003,2,14,원주,강원특별자치도 원주시 단계동 873 아트스페이스빌딩 7층
MB14004,2,14,원주혁신점,강원특별자치도 원주시 반곡동 1903-3
MB14005,2,14,춘천석사,강원특별자치도 춘천시 석사동 980
MB15001,2,15,공주,충청남도 공주시 신관동 248-3
MB15002,2,15,논산,충청남도 논산시 내동 382-32
MB15003,2,15,대전,대전광역시 서구 탄방동 746 로데오타운 5층
MB15004,2,15,대전유성,대전광역시 유성구 봉명동 1016-7
MB15005,2,15,대전중앙로,대전광역시 중구 대흥동 205-1
MB15006,2,15,대전현대아울렛,대전광역시 유성구 용산동 579 현대프리미엄아울렛 대전점
MB15007,2,15,세종,세종특별자치시 조치원읍 교리 24-1 4층~6층
MB15008,2,15,세종나성,세종특별자치시 나성동 821 세종가로수길 5층
MB15009,2,15,세종청사,세종특별자치시 어진동 510 엠브릿지
MB15010,2,15,씨앤씨점,충청북도 충주시 성서동 383번지
MB15011,2,15,오창,충청북도 청주시 청원구 오창읍 양청리 820-1번지
MB15012,2,15,진천점,충청북도 진천군 진천읍 읍내리 652번지
MB15013,2,15,천안,충청남도 천안시 서북구 두정동 68-1 센트하임 4층
MB15014,2,15,청주사창컴포트,충청북도 청주시 서원구 사창동 488 지하 2층
MB15015,2,15,청주성안길,충청북도 청주시 상당구 북문로1가 170-1 쥬네쓰
MB15016,2,15,청주터미널,충청북도 청주시 흥덕구 가경동 1416 6~7층 청주센트럴시티(터미널복합)
MB15017,2,15,충주연수,충청북도 충주시 연수동 1325
MB15018,2,15,홍성,충청남도 홍성군 홍북읍 신경리 555번지
MB16001,2,16,대구세븐밸리,대구광역시 북구 동천동 894-1 세븐밸리
MB16002,2,16,대구이시아,대구광역시 동구 봉무동 1548
MB16003,2,16,북대구,대구광역시 북구 동천동 895-2 6층
MB16004,2,16,주대구신세계,대구광역시 동구 신천동 1506
MB16005,2,16,프리미엄만경관,대구광역시 중구 종로1가 29-4
MB16006,2,16,해운대장산,부산광역시 해운대구 좌동 1467-4 지팝건축물
MB17001,2,17,덕천,부산광역시 북구 덕천동 398-2
MB17002,2,17,부산극장,부산광역시 중구 남포동5가 18-1번지
MB17003,2,17,부산대,부산광역시 금정구 장전동 292-4 라퓨타아일랜드
MB17004,2,17,사상,부산광역시 사상구 괘법동 533-1
MB17005,2,17,울산점,울산광역시 중구 성남동 251-8
MB17006,2,17,정관,부산광역시 기장군 정관읍 매학리 777-1번지
MB17007,2,17,화명,부산광역시 북구 화명동 2275-1
MB18001,2,18,경북도청점,경상북도 예천군 호명면 산합리 1430 경북빌딩
MB18002,2,18,경산하양,경상북도 경산시 하양읍 금락리 607번지 2층
MB18003,2,18,구미강동점,경상북도 구미시 진평동 1023-1
MB18004,2,18,김천,경상북도 김천시 평화동 245-82번지
MB18005,2,18,마산,경상남도 창원시 마산합포구 해운동 68 유로스퀘어
MB18006,2,18,문경,경상북도 문경시 모전동 859-2
MB18007,2,18,삼천포점,경상남도 사천시 실안동 1062번지
MB18008,2,18,양산점,경상남도 양산시 중부동 685-6
MB18009,2,18,양산증산,경상남도 양산시 물금읍 가촌리 1292 라피에스타
MB18010,2,18,진주중안,"경상남도 진주시 중안동 12-13 씨네피아9관(8,9층)"
MB18011,2,18,진주태양의제국제,경상남도 진주시 대안동 13-13번지
MB18012,2,18,창원,경상남도 창원시 성산구 중앙동 99-1 메가플렉스
MB18013,2,18,창원내서,경상남도 창원시 마산회원구 내서읍 중리 1043-1
MB18014,2,18,포항컴포트,경상북도 포항시 남구 상도동 582 밸류플러스 7층
MB19001,2,19,목포하당포르모,전라남도 목포시 상동 860-1번지 극장동 3층
MB19002,2,19,상무,광주광역시 서구 치평동 1222-1번지
MB19003,2,19,순천,전라남도 순천시 덕암동 151번지 701호
MB19004,2,19,여수웅천점,전라남도 여수시 웅천동 1720-1번지
MB19005,2,19,전대,광주광역시 북구 중흥동 362-2
MB19006,2,19,전주객사,전라북도 전주시 완산구 고사동 181 3층
MB19007,2,19,전주혁신점,전라북도 전주시 덕진구 장동 1111 전북혁신도시 더 M city 센텀
MB19008,2,19,제주삼화,제주특별자치도 제주시 삼양이동 1477-8
MB19009,2,19,제주서귀포점,제주특별자치도 서귀포시 동홍동 1372-1
MB19010,2,19,제주아라,제주특별자치도 제주시 아라일동 2574 메가타워
MB19011,2,19,첨단,광주광역시 광산구 쌍암동 688-4번지
MB19012,2,19,하남,광주광역시 광산구 우산동 1587-1번지