screen_id,multiplex_id,screen_name,cinema_id
CG11001001,1,1관,CG11001
CG11001002,1,2관,CG11001
CG11001003,1,3관,CG11001
CG11001004,1,4관,CG11001
CG11001005,1,5관,CG11001
CG11001006,1,6관,CG11001
CG11002001,1,10관,CG11002
CG11002002,1,1관(4DX),CG11002
CG11002003,1,4관(CGV아트하우스),CG11002
CG11002004,1,5관,CG11002
CG11002005,1,6관,CG11002
CG11002006,1,7관,CG11002
CG11002007,1,8관,CG11002
CG11002008,1,9관,CG11002
CG11002009,1,CINE&FORET,CG11002
CG11002010,1,STAR2관,CG11002
CG11002011,1,STAR3관,CG11002
CG11003001,1,1관,CG11003
CG11003002,1,2관,CG11003
CG11003003,1,3관,CG11003
CG11003004,1,4관,CG11003
CG11003005,1,5관,CG11003
CG11004001,1,2관,CG11004
CG11004002,1,3관,CG11004
CG11004003,1,4관,CG11004
CG11004004,1,4DX관,CG11004
CG11004005,1,5관,CG11004
CG11004006,1,7관,CG11004
CG11004007,1,8관,CG11004
CG11004008,1,SCREENX관,CG11004
CG11005001,1,10관,CG11005
CG11005002,1,1관,CG11005
CG11005003,1,2관,CG11005
CG11005004,1,5관,CG11005
CG11005005,1,6관,CG11005
CG11005006,1,7관,CG11005
CG11005007,1,8관,CG11005
CG11005008,1,9관,CG11005
CG11006001,1,1관,CG11006
CG11006002,1,2관,CG11006
CG11006003,1,3관,CG11006
CG11006004,1,4관,CG11006
CG11006005,1,5관(CGV아트하우스),CG11006
CG11006006,1,6관,CG11006
CG11006007,1,7관,CG11006
CG11006008,1,8관,CG11006
CG11007001,1,1관,CG11007
CG11007002,1,2관,CG11007
CG11007003,1,3관,CG11007
CG11007004,1,4관,CG11007
CG11007005,1,5관,CG11007
CG11007006,1,6관,CG11007
CG11008001,1,1관,CG11008
CG11008002,1,2관,CG11008
CG11008003,1,3관,CG11008
CG11008004,1,4관,CG11008
CG11008005,1,5관,CG11008
CG11008006,1,6관,CG11008
CG11009001,1,1관,CG11009
CG11009002,1,2관,CG11009
CG11009003,1,3관,CG11009
CG11009004,1,4관,CG11009
CG11009005,1,5관,CG11009
CG11010001,1,3관,CG11010
CG11010002,1,4관,CG11010
CG11010003,1,5관,CG11010
CG11010004,1,1관(ART),CG11010
CG11010005,1,2관(ART),CG11010
CG11011001,1,1관,CG11011
CG11011002,1,2관,CG11011
CG11011003,1,3관,CG11011
CG11011004,1,4관,CG11011
CG11011005,1,5관,CG11011
CG11011006,1,6관,CG11011
CG11012001,1,2관,CG11012
CG11012002,1,3관,CG11012
CG11012003,1,4관,CG11012
CG11012004,1,4DX관,CG11012
CG11012005,1,5관,CG11012
CG11012006,1,6관,CG11012
CG11012007,1,7관,CG11012
CG11013001,1,1관,CG11013
CG11013002,1,2관,CG11013
CG11013003,1,3관,CG11013
CG11013004,1,4관,CG11013
CG11013005,1,5관,CG11013
CG11013006,1,6관,CG11013
CG11013007,1,7관,CG11013
CG11013008,1,8관,CG11013
CG11013009,1,9관,CG11013
CG11014001,1,1관,CG11014
CG11014002,1,2관,CG11014
CG11014003,1,3관,CG11014
CG11014004,1,4관,CG11014
CG11014005,1,5관,CG11014
CG11014006,1,6관,CG11014
CG11014007,1,7관,CG11014
CG11015001,1,1관,CG11015
CG11015002,1,2관,CG11015
CG11015003,1,3관,CG11015
CG11015004,1,4관,CG11015
CG11015005,1,5관,CG11015
CG11016001,1,1관,CG11016
CG11016002,1,2관,CG11016
CG11016003,1,3관,CG11016
CG11016004,1,4관,CG11016
CG11016005,1,4DX관,CG11016
CG11016006,1,6관,CG11016
CG11016007,1,SPHEREX,CG11016
CG11017001,1,1관,CG11017
CG11017002,1,2관,CG11017
CG11017003,1,3관,CG11017
CG11017004,1,4관,CG11017
CG11017005,1,5관,CG11017
CG11017006,1,6관,CG11017
CG11017007,1,7관,CG11017
CG11017008,1,8관,CG11017
CG11017009,1,9관,CG11017
CG11018001,1,10관(CGV아트하우스),CG11018
CG11018002,1,2관,CG11018
CG11018003,1,3관,CG11018
CG11018004,1,4관,CG11018
CG11018005,1,5관,CG11018
CG11018006,1,6관,CG11018
CG11018007,1,7관,CG11018
CG11019001,1,2관,CG11019
CG11019002,1,3관,CG11019
CG11019003,1,4관,CG11019
CG11019004,1,1관(ART),CG11019
CG11019005,1,2관(ART),CG11019
CG11019006,1,IMAX관,CG11019
CG11020001,1,1관,CG11020
CG11020002,1,2관,CG11020
CG11020003,1,3관(VeatBox관),CG11020
CG11020004,1,4관(COMFORTSEAT),CG11020
CG11020005,1,5관(CGV아트하우스),CG11020
CG11020006,1,6관,CG11020
CG11020007,1,7관(TEMPURCINEMA관),CG11020
CG11020008,1,8관(COMFORTSEAT),CG11020
CG11020009,1,9관,CG11020
CG11021001,1,1관(4DX),CG11021
CG11021002,1,2관,CG11021
CG11021003,1,3관(Suite Cinema),CG11021
CG11021004,1,4관,CG11021
CG11021005,1,5관,CG11021
CG11021006,1,6관,CG11021
CG11022001,1,10관(골드클래스),CG11022
CG11022002,1,11관(SCREENX),CG11022
CG11022003,1,12관(IMAX),CG11022
CG11022004,1,1관,CG11022
CG11022005,1,2관(4D),CG11022
CG11022006,1,3관,CG11022
CG11022007,1,4관,CG11022
CG11022008,1,5관,CG11022
CG11022009,1,6관,CG11022
CG11022010,1,7관,CG11022
CG11022011,1,8관,CG11022
CG11022012,1,9관,CG11022
CG11023001,1,10관,CG11023
CG11023002,1,1관,CG11023
CG11023003,1,2관,CG11023
CG11023004,1,3관,CG11023
CG11023005,1,4관,CG11023
CG11023006,1,5관,CG11023
CG11023007,1,6관,CG11023
CG11023008,1,7관,CG11023
CG11023009,1,8관,CG11023
CG11023010,1,9관,CG11023
CG11024001,1,10관,CG11024
CG11024002,1,11관,CG11024
CG11024003,1,12관,CG11024
CG11024004,1,13관,CG11024
CG11024005,1,14관,CG11024
CG11024006,1,15관,CG11024
CG11024007,1,16관,CG11024
CG11024008,1,17관,CG11024
CG11024009,1,18관,CG11024
CG11024010,1,19관,CG11024
CG11024011,1,1관,CG11024
CG11024012,1,20관,CG11024
CG11024013,1,2관,CG11024
CG11024014,1,3관,CG11024
CG11024015,1,4관,CG11024
CG11024016,1,5관,CG11024
CG11024017,1,6관,CG11024
CG11024018,1,7관,CG11024
CG11024019,1,8관,CG11024
CG11024020,1,9관,CG11024
CG11025001,1,1관,CG11025
CG11025002,1,2관,CG11025
CG11025003,1,3관,CG11025
CG11025004,1,4관,CG11025
CG11025005,1,5관,CG11025
CG11025006,1,6관,CG11025
CG11025007,1,7관,CG11025
CG11026001,1,1관,CG11026
CG11026002,1,2관,CG11026
CG11026003,1,3관,CG11026
CG11026004,1,4관,CG11026
CG11026005,1,5관,CG11026
CG11026006,1,6관,CG11026
CG11027001,1,1관(HEADPHONE),CG11027
CG11027002,1,2관(HEADPHONE),CG11027
CG11027003,1,3관(COMFORT SWEETBOX PREMIUM),CG11027
CG11027004,1,4DX관,CG11027
CG11027005,1,CINEMA SWEETBOX PREMIUM관,CG11027
CG11028001,1,1관,CG11028
CG11028002,1,2관,CG11028
CG11028003,1,4관,CG11028
CG11028004,1,5관,CG11028
CG11028005,1,6관,CG11028
CG11029001,1,1관,CG11029
CG11029002,1,2관,CG11029
CG11029003,1,3관,CG11029
CG11029004,1,4관,CG11029
CG11030001,1,1관,CG11030
CG11030002,1,2관,CG11030
CG11030003,1,3관,CG11030
CG11030004,1,4관,CG11030
CG11030005,1,5관,CG11030
CG11030006,1,6관,CG11030
CG12001001,1,1관,CG12001
CG12001002,1,2관,CG12001
CG12001003,1,3관,CG12001
CG12001004,1,4관,CG12001
CG12001005,1,5관,CG12001
CG12001006,1,6관,CG12001
CG12001007,1,7관,CG12001
CG12001008,1,8관,CG12001
CG12002001,1,1관,CG12002
CG12002002,1,2관,CG12002
CG12002003,1,3관,CG12002
CG12002004,1,4관,CG12002
CG12002005,1,5관,CG12002
CG12002006,1,6관,CG12002
CG12002007,1,7관,CG12002
CG12003001,1,1관,CG12003
CG12003002,1,2관,CG12003
CG12003003,1,3관,CG12003
CG12003004,1,4관,CG12003
CG12003005,1,5관,CG12003
CG12003006,1,6관,CG12003
CG12004001,1,1관,CG12004
CG12004002,1,2관,CG12004
CG12004003,1,3관,CG12004
CG12004004,1,4관,CG12004
CG12004005,1,5관,CG12004
CG12004006,1,6관,CG12004
CG12005001,1,1관,CG12005
CG12005002,1,2관,CG12005
CG12005003,1,3관,CG12005
CG12005004,1,4관,CG12005
CG12006001,1,1관,CG12006
CG12006002,1,2관,CG12006
CG12006003,1,3관,CG12006
CG12006004,1,4관,CG12006
CG12006005,1,5관,CG12006
CG12007001,1,1관,CG12007
CG12007002,1,2관,CG12007
CG12007003,1,3관,CG12007
CG12007004,1,4관,CG12007
CG12007005,1,5관,CG12007
CG12007006,1,6관,CG12007
CG12007007,1,7관,CG12007
CG12008001,1,1관,CG12008
CG12008002,1,2관,CG12008
CG12008003,1,3관,CG12008
CG12008004,1,4관,CG12008
CG12008005,1,5관,CG12008
CG12008006,1,6관,CG12008
CG12009001,1,1관,CG12009
CG12009002,1,2관,CG12009
CG12009003,1,3관,CG12009
CG12009004,1,4관,CG12009
CG12009005,1,5관,CG12009
CG12009006,1,6관,CG12009
CG12010001,1,1관,CG12010
CG12010002,1,2관,CG12010
CG12010003,1,3관,CG12010
CG12010004,1,4관,CG12010
CG12010005,1,5관,CG12010
CG12010006,1,6관,CG12010
CG12011001,1,1관,CG12011
CG12011002,1,2관,CG12011
CG12011003,1,3관,CG12011
CG12011004,1,4관,CG12011
CG12012001,1,1관,CG12012
CG12012002,1,2관,CG12012
CG12012003,1,3관,CG12012
CG12012004,1,4관,CG12012
CG12013001,1,1관,CG12013
CG12013002,1,2관,CG12013
CG12013003,1,4관,CG12013
CG12013004,1,5관,CG12013
CG12013005,1,6관,CG12013
CG12013006,1,7관,CG12013
CG12014001,1,10관,CG12014
CG12014002,1,1관,CG12014
CG12014003,1,2관,CG12014
CG12014004,1,3관,CG12014
CG12014005,1,4관,CG12014
CG12014006,1,5관,CG12014
CG12014007,1,6관,CG12014
CG12014008,1,7관,CG12014
CG12014009,1,8관,CG12014
CG12014010,1,9관,CG12014
CG12015001,1,1관,CG12015
CG12015002,1,2관,CG12015
CG12015003,1,3관,CG12015
CG12015004,1,4관,CG12015
CG12016001,1,1관,CG12016
CG12016002,1,2관,CG12016
CG12016003,1,3관,CG12016
CG12016004,1,4관,CG12016
CG12016005,1,5관,CG12016
CG12016006,1,6관,CG12016
CG12016007,1,7관,CG12016
CG12016008,1,8관,CG12016
CG12017001,1,2관,CG12017
CG12017002,1,3관,CG12017
CG12017003,1,4DX관,CG12017
CG12017004,1,5관,CG12017
CG12017005,1,6관,CG12017
CG12017006,1,7관,CG12017
CG12017007,1,8관,CG12017
CG12017008,1,씨네앤포레,CG12017
CG12018001,1,1관,CG12018
CG12018002,1,2관,CG12018
CG12018003,1,3관(PriVateBox 융합관),CG12018
CG12018004,1,4관,CG12018
CG12018005,1,5관,CG12018
CG12018006,1,6관(PriVateBox융합관),CG12018
CG12018007,1,8관,CG12018
CG12018008,1,IMAX관,CG12018
CG12019001,1,1관,CG12019
CG12019002,1,2관,CG12019
CG12019003,1,3관,CG12019
CG12019004,1,4관,CG12019
CG12019005,1,5관,CG12019
CG12019006,1,6관,CG12019
CG12019007,1,7관,CG12019
CG12020001,1,1관,CG12020
CG12020002,1,2관,CG12020
CG12020003,1,3관,CG12020
CG12020004,1,4관,CG12020
CG12020005,1,5관,CG12020
CG12020006,1,6관,CG12020
CG12020007,1,7관,CG12020
CG12021001,1,1관,CG12021
CG12021002,1,2관,CG12021
CG12021003,1,3관,CG12021
CG12021004,1,4관,CG12021
CG12021005,1,5관,CG12021
CG12021006,1,6관,CG12021
CG12022001,1,1관,CG12022
CG12022002,1,2관,CG12022
CG12022003,1,3관,CG12022
CG12023001,1,1관,CG12023
CG12023002,1,2관,CG12023
CG12023003,1,3관,CG12023
CG12023004,1,4관,CG12023
CG12023005,1,5관,CG12023
CG12023006,1,6관,CG12023
CG12024001,1,1관,CG12024
CG12024002,1,2관,CG12024
CG12024003,1,3관,CG12024
CG12024004,1,4관,CG12024
CG12024005,1,5관,CG12024
CG12024006,1,6관,CG12024
CG12025001,1,1관,CG12025
CG12025002,1,2관,CG12025
CG12025003,1,3관,CG12025
CG12025004,1,4관,CG12025
CG12025005,1,5관,CG12025
CG12025006,1,6관,CG12025
CG12025007,1,7관,CG12025
CG12025008,1,8관,CG12025
CG12026001,1,1관,CG12026
CG12026002,1,2관,CG12026
CG12026003,1,3관,CG12026
CG12026004,1,4관,CG12026
CG12026005,1,5관,CG12026
CG12026006,1,6관,CG12026
CG12026007,1,7관,CG12026
CG12026008,1,8관,CG12026
CG12027001,1,1관,CG12027
CG12027002,1,2관,CG12027
CG12027003,1,3관,CG12027
CG12027004,1,4관,CG12027
CG12027005,1,5관,CG12027
CG12027006,1,6관,CG12027
CG12027007,1,7관,CG12027
CG12027008,1,8관,CG12027
CG12028001,1,1관,CG12028
CG12028002,1,2관,CG12028
CG12028003,1,3관,CG12028
CG12028004,1,4관,CG12028
CG12028005,1,5관,CG12028
CG12028006,1,6관,CG12028
CG12029001,1,1관,CG12029
CG12029002,1,2관,CG12029
CG12029003,1,3관,CG12029
CG12029004,1,4관,CG12029
CG12030001,1,10관,CG12030
CG12030002,1,11관,CG12030
CG12030003,1,2관,CG12030
CG12030004,1,3관,CG12030
CG12030005,1,4관,CG12030
CG12030006,1,5관,CG12030
CG12030007,1,6관,CG12030
CG12030008,1,7관(CGV아트하우스관),CG12030
CG12030009,1,8관,CG12030
CG12030010,1,9관,CG12030
CG12030011,1,IMAX관,CG12030
CG12031001,1,1관,CG12031
CG12031002,1,2관,CG12031
CG12031003,1,3관,CG12031
CG12031004,1,4관,CG12031
CG12031005,1,5관,CG12031
CG12031006,1,6관,CG12031
CG12032001,1,1관,CG12032
CG12032002,1,2관,CG12032
CG12032003,1,3관,CG12032
CG12032004,1,4관,CG12032
CG12033001,1,4DX관,CG12033
CG12033002,1,DolbyAtmos관,CG12033
CG12033003,1,GOLDCLASS,CG12033
CG12033004,1,PREMIUM(4관),CG12033
CG12033005,1,PREMIUM(5관),CG12033
CG12033006,1,TEMPURCINEMA,CG12033
CG12034001,1,1관,CG12034
CG12034002,1,2관,CG12034
CG12034003,1,3관,CG12034
CG12034004,1,4DX관,CG12034
CG12034005,1,5관,CG12034
CG12034006,1,6관,CG12034
CG12034007,1,7관,CG12034
CG12034008,1,8관,CG12034
CG12035001,1,1관,CG12035
CG12035002,1,2관,CG12035
CG12035003,1,3관,CG12035
CG12035004,1,4관,CG12035
CG12035005,1,5관,CG12035
CG12035006,1,6관,CG12035
CG12035007,1,7관,CG12035
CG12035008,1,8관,CG12035
CG12036001,1,1관,CG12036
CG12036002,1,2관,CG12036
CG12036003,1,3관,CG12036
CG12036004,1,4관,CG12036
CG12036005,1,5관,CG12036
CG12036006,1,6관,CG12036
CG12036007,1,7관,CG12036
CG12036008,1,8관,CG12036
CG12037001,1,1관,CG12037
CG12037002,1,2관,CG12037
CG12037003,1,3관,CG12037
CG12037004,1,4관,CG12037
CG12037005,1,5관,CG12037
CG12037006,1,6관,CG12037
CG12037007,1,7관,CG12037
CG12038001,1,1관,CG12038
CG12038002,1,2관,CG12038
CG12038003,1,3관,CG12038
CG12038004,1,4관,CG12038
CG12038005,1,5관,CG12038
CG12038006,1,6관,CG12038
CG12039001,1,10관,CG12039
CG12039002,1,1관,CG12039
CG12039003,1,2관,CG12039
CG12039004,1,3관,CG12039
CG12039005,1,4관,CG12039
CG12039006,1,5관,CG12039
CG12039007,1,6관,CG12039
CG12039008,1,7관,CG12039
CG12039009,1,8관(CGV아트하우스),CG12039
CG12039010,1,9관(CGV아트하우스),CG12039
CG12040001,1,1관,CG12040
CG12040002,1,2관,CG12040
CG12040003,1,3관,CG12040
CG12040004,1,4관,CG12040
CG12040005,1,5관,CG12040
CG12040006,1,6관,CG12040
CG12041001,1,1관,CG12041
CG12041002,1,2관,CG12041
CG12041003,1,3관,CG12041
CG12041004,1,4관,CG12041
CG12041005,1,5관,CG12041
CG12041006,1,6관,CG12041
CG12041007,1,7관,CG12041
CG12041008,1,8관,CG12041
CG12042001,1,1관,CG12042
CG12042002,1,2관,CG12042
CG12042003,1,3관,CG12042
CG12042004,1,4관,CG12042
CG12042005,1,5관,CG12042
CG12042006,1,6관,CG12042
CG12042007,1,7관,CG12042
CG12042008,1,8관,CG12042
CG12043001,1,1관,CG12043
CG12043002,1,2관,CG12043
CG12043003,1,3관,CG12043
CG12043004,1,4관,CG12043
CG12043005,1,5관,CG12043
CG12043006,1,6관,CG12043
CG12043007,1,7관,CG12043
CG12043008,1,8관,CG12043
CG12044001,1,1관,CG12044
CG12044002,1,2관,CG12044
CG12044003,1,3관,CG12044
CG12044004,1,4관,CG12044
CG12044005,1,5관,CG12044
CG12044006,1,6관,CG12044
CG12044007,1,7관,CG12044
CG12044008,1,8관,CG12044
CG12044009,1,9관,CG12044
CG12045001,1,1관,CG12045
CG12045002,1,2관,CG12045
CG12045003,1,3관,CG12045
CG12045004,1,4관,CG12045
CG12045005,1,5관,CG12045
CG12045006,1,6관,CG12045
CG12045007,1,7관,CG12045
CG12045008,1,8관,CG12045
CG12045009,1,9관,CG12045
CG12046001,1,1관,CG12046
CG12046002,1,3관,CG12046
CG12046003,1,4관,CG12046
CG12046004,1,5관,CG12046
CG12046005,1,6관,CG12046
CG12046006,1,7관,CG12046
CG12046007,1,8관,CG12046
CG12046008,1,CINE&FORET관,CG12046
CG12046009,1,IMAX관,CG12046
CG12047001,1,1관,CG12047
CG12047002,1,2관,CG12047
CG12047003,1,3관,CG12047
CG12047004,1,4관,CG12047
CG12047005,1,5관,CG12047
CG12048001,1,1관,CG12048
CG12048002,1,2관,CG12048
CG12048003,1,3관,CG12048
CG12048004,1,4관,CG12048
CG12048005,1,5관(IMAX관),CG12048
CG12048006,1,6관(4DX관),CG12048
CG12048007,1,TEMPURCINEMA,CG12048
CG12049001,1,10관,CG12049
CG12049002,1,1관,CG12049
CG12049003,1,2관,CG12049
CG12049004,1,3관,CG12049
CG12049005,1,4관,CG12049
CG12049006,1,5관,CG12049
CG12049007,1,6관,CG12049
CG12049008,1,7관,CG12049
CG12049009,1,8관,CG12049
CG12049010,1,9관,CG12049
CG12050001,1,2관,CG12050
CG12050002,1,3관,CG12050
CG12050003,1,4관,CG12050
CG12050004,1,4DX관,CG12050
CG12050005,1,5관,CG12050
CG12050006,1,7관,CG12050
CG12050007,1,IMAX관,CG12050
CG12051001,1,1관,CG12051
CG12051002,1,2관,CG12051
CG12051003,1,3관,CG12051
CG12051004,1,4관,CG12051
CG12051005,1,5관,CG12051
CG12051006,1,6관,CG12051
CG12051007,1,7관,CG12051
CG12051008,1,8관,CG12051
CG12052001,1,1관,CG12052
CG12052002,1,2관,CG12052
CG12052003,1,3관,CG12052
CG12052004,1,4관,CG12052
CG12052005,1,5관,CG12052
CG12052006,1,6관,CG12052
CG12053001,1,1관,CG12053
CG12053002,1,2관,CG12053
CG12053003,1,3관,CG12053
CG12053004,1,4관,CG12053
CG12053005,1,5관,CG12053
CG12054001,1,1관,CG12054
CG12054002,1,2관,CG12054
CG12054003,1,3관,CG12054
CG12054004,1,4관,CG12054
CG12054005,1,5관,CG12054
CG12054006,1,6관,CG12054
CG12054007,1,7관,CG12054
CG12055001,1,1관,CG12055
CG12055002,1,2관,CG12055
CG12055003,1,3관,CG12055
CG12055004,1,4관,CG12055
CG12056001,1,1관,CG12056
CG12056002,1,2관,CG12056
CG12056003,1,3관,CG12056
CG12056004,1,4관,CG12056
CG12056005,1,5관,CG12056
CG12056006,1,6관,CG12056
CG12056007,1,7관,CG12056
CG12056008,1,8관,CG12056
CG13001001,1,1관,CG13001
CG13001002,1,2관,CG13001
CG13001003,1,3관,CG13001
CG13001004,1,4관,CG13001
CG13001005,1,5관,CG13001
CG13001006,1,6관,CG13001
CG13001007,1,7관,CG13001
CG13001008,1,8관,CG13001
CG13002001,1,1관,CG13002
CG13002002,1,2관,CG13002
CG13002003,1,3관,CG13002
CG13002004,1,4관,CG13002
CG13002005,1,5관,CG13002
CG13002006,1,6관,CG13002
CG13002007,1,7관,CG13002
CG13003001,1,10관,CG13003
CG13003002,1,1관,CG13003
CG13003003,1,2관,CG13003
CG13003004,1,3관,CG13003
CG13003005,1,4관,CG13003
CG13003006,1,5관,CG13003
CG13003007,1,6관,CG13003
CG13003008,1,7관,CG13003
CG13003009,1,8관,CG13003
CG13003010,1,9관,CG13003
CG13004001,1,1관,CG13004
CG13004002,1,2관,CG13004
CG13004003,1,3관,CG13004
CG13004004,1,4관,CG13004
CG13004005,1,5관,CG13004
CG13004006,1,6관,CG13004
CG13004007,1,7관,CG13004
CG13005001,1,1관,CG13005
CG13005002,1,2관,CG13005
CG13005003,1,3관,CG13005
CG13005004,1,4관,CG13005
CG13005005,1,5관,CG13005
CG13005006,1,6관,CG13005
CG13005007,1,7관,CG13005
CG13005008,1,8관,CG13005
CG13005009,1,9관,CG13005
CG13006001,1,10관,CG13006
CG13006002,1,11관,CG13006
CG13006003,1,12관,CG13006
CG13006004,1,13관,CG13006
CG13006005,1,1관(CGV아트하우스),CG13006
CG13006006,1,2관,CG13006
CG13006007,1,3관,CG13006
CG13006008,1,4관(4DX),CG13006
CG13006009,1,5관,CG13006
CG13006010,1,6관,CG13006
CG13006011,1,7관,CG13006
CG13006012,1,8관,CG13006
CG13006013,1,9관(IMAX),CG13006
CG13006014,1,14관,CG13006
CG13007001,1,1관,CG13007
CG13007002,1,2관,CG13007
CG13007003,1,3관,CG13007
CG13007004,1,4관,CG13007
CG13008001,1,1관,CG13008
CG13008002,1,2관,CG13008
CG13008003,1,3관,CG13008
CG13008004,1,4관,CG13008
CG13008005,1,5관,CG13008
CG13009001,1,1관,CG13009
CG13009002,1,2관,CG13009
CG13009003,1,3관,CG13009
CG13009004,1,4관,CG13009
CG13009005,1,5관,CG13009
CG13009006,1,6관,CG13009
CG13010001,1,1관,CG13010
CG13010002,1,2관,CG13010
CG13010003,1,3관,CG13010
CG13010004,1,4관,CG13010
CG13010005,1,5관,CG13010
CG13011001,1,1관,CG13011
CG13011002,1,2관,CG13011
CG13011003,1,3관,CG13011
CG13011004,1,4관,CG13011
CG13011005,1,5관,CG13011
CG13011006,1,6관,CG13011
CG13012001,1,1관,CG13012
CG13012002,1,2관,CG13012
CG13012003,1,3관,CG13012
CG13012004,1,4관,CG13012
CG13012005,1,5관,CG13012
CG13012006,1,6관,CG13012
CG13013001,1,1관,CG13013
CG13013002,1,2관,CG13013
CG13013003,1,3관,CG13013
CG13013004,1,4관,CG13013
CG13013005,1,5관,CG13013
CG13013006,1,6관,CG13013
CG13013007,1,7관,CG13013
CG13013008,1,8관,CG13013
CG13013009,1,9관,CG13013
CG13014001,1,1관,CG13014
CG13014002,1,2관,CG13014
CG13014003,1,3관,CG13014
CG13014004,1,4관,CG13014
CG13014005,1,5관,CG13014
CG13014006,1,6관,CG13014
CG13014007,1,7관,CG13014
CG14001001,1,1관,CG14001
CG14001002,1,2관,CG14001
CG14001003,1,3관,CG14001
CG14001004,1,4관,CG14001
CG14001005,1,5관,CG14001
CG14001006,1,6관,CG14001
CG14001007,1,7관,CG14001
CG14001008,1,8관,CG14001
CG14002001,1,1관,CG14002
CG14003001,1,10관,CG14003
CG14003002,1,1관,CG14003
CG14003003,1,2관,CG14003
CG14003004,1,3관,CG14003
CG14003005,1,4관,CG14003
CG14003006,1,5관,CG14003
CG14003007,1,6관,CG14003
CG14003008,1,7관,CG14003
CG14003009,1,8관,CG14003
CG14003010,1,9관,CG14003
CG14004001,1,10관,CG14004
CG14004002,1,11관,CG14004
CG14004003,1,12관,CG14004
CG14004004,1,1관,CG14004
CG14004005,1,2관,CG14004
CG14004006,1,3관,CG14004
CG14004007,1,4관,CG14004
CG14004008,1,5관,CG14004
CG14004009,1,6관,CG14004
CG14004010,1,7관,CG14004
CG14004011,1,8관,CG14004
CG14004012,1,9관,CG14004
CG15001001,1,1관,CG15001
CG15001002,1,2관,CG15001
CG15001003,1,3관,CG15001
CG15001004,1,4관,CG15001
CG15001005,1,5관,CG15001
CG15002001,1,1관,CG15002
CG15002002,1,2관,CG15002
CG15002003,1,3관,CG15002
CG15002004,1,4관,CG15002
CG15002005,1,5관,CG15002
CG15003001,1,1관,CG15003
CG15003002,1,2관,CG15003
CG15003003,1,3관,CG15003
CG15003004,1,4관,CG15003
CG15003005,1,5관,CG15003
CG15003006,1,6관,CG15003
CG15003007,1,7관,CG15003
CG15004001,1,1관,CG15004
CG15004002,1,2관,CG15004
CG15004003,1,3관,CG15004
CG15004004,1,4관,CG15004
CG15004005,1,5관,CG15004
CG15004006,1,6관,CG15004
CG15004007,1,7관(CGV아트하우스),CG15004
CG15004008,1,8관,CG15004
CG15004009,1,9관,CG15004
CG15005001,1,1관,CG15005
CG15005002,1,2관,CG15005
CG15005003,1,3관,CG15005
CG15005004,1,4관,CG15005
CG15005005,1,5관,CG15005
CG15005006,1,6관,CG15005
CG15005007,1,7관,CG15005
CG15006001,1,1관,CG15006
CG15006002,1,2관,CG15006
CG15006003,1,3관,CG15006
CG15006004,1,4관,CG15006
CG15006005,1,5관,CG15006
CG15006006,1,6관,CG15006
CG15007001,1,1관,CG15007
CG15007002,1,4DX관,CG15007
CG15007003,1,5관,CG15007
CG15007004,1,6관,CG15007
CG15007005,1,7관,CG15007
CG15007006,1,IMAX관,CG15007
CG15007007,1,SCREENX관,CG15007
CG15008001,1,1관,CG15008
CG15008002,1,2관,CG15008
CG15008003,1,5관,CG15008
CG15008004,1,GH관,CG15008
CG15008005,1,GS관,CG15008
CG15009001,1,1관,CG15009
CG15009002,1,2관,CG15009
CG15009003,1,3관,CG15009
CG15009004,1,4관,CG15009
CG15009005,1,5관,CG15009
CG15009006,1,6관,CG15009
CG15009007,1,7관,CG15009
CG15009008,1,8관,CG15009
CG15010001,1,1관,CG15010
CG15010002,1,2관,CG15010
CG15010003,1,3관,CG15010
CG15010004,1,4관,CG15010
CG15010005,1,5관,CG15010
CG15010006,1,6관,CG15010
CG15010007,1,7관,CG15010
CG15011001,1,1관,CG15011
CG15011002,1,2관,CG15011
CG15011003,1,3관,CG15011
CG15011004,1,4관,CG15011
CG15011005,1,5관,CG15011
CG15011006,1,6관,CG15011
CG15012001,1,1관,CG15012
CG15012002,1,2관,CG15012
CG15012003,1,3관,CG15012
CG15012004,1,4관,CG15012
CG15012005,1,5관,CG15012
CG15013001,1,1관,CG15013
CG15013002,1,2관,CG15013
CG15013003,1,3관,CG15013
CG15013004,1,4관,CG15013
CG15013005,1,5관,CG15013
CG15013006,1,6관,CG15013
CG15013007,1,7관,CG15013
CG15013008,1,8관,CG15013
CG15014001,1,1관,CG15014
CG15014002,1,2관,CG15014
CG15014003,1,3관,CG15014
CG15014004,1,4관,CG15014
CG15014005,1,5관,CG15014
CG15014006,1,6관,CG15014
CG15014007,1,7관,CG15014
CG15014008,1,8관,CG15014
CG15015001,1,10관,CG15015
CG15015002,1,1관,CG15015
CG15015003,1,2관,CG15015
CG15015004,1,3관,CG15015
CG15015005,1,4관,CG15015
CG15015006,1,5관,CG15015
CG15015007,1,6관,CG15015
CG15015008,1,8관,CG15015
CG15015009,1,9관,CG15015
CG15015010,1,IMAX관,CG15015
CG15016001,1,10관,CG15016
CG15016002,1,11관,CG15016
CG15016003,1,1관(CGV아트하우스),CG15016
CG15016004,1,2관,CG15016
CG15016005,1,3관,CG15016
CG15016006,1,5관,CG15016
CG15016007,1,6관,CG15016
CG15016008,1,7관,CG15016
CG15016009,1,8관,CG15016
CG15016010,1,9관,CG15016
CG15016011,1,IMAX관,CG15016
CG15017001,1,10관,CG15017
CG15017002,1,1관,CG15017
CG15017003,1,2관,CG15017
CG15017004,1,3관,CG15017
CG15017005,1,4관,CG15017
CG15017006,1,5관,CG15017
CG15017007,1,6관,CG15017
CG15017008,1,7관,CG15017
CG15017009,1,8관,CG15017
CG15017010,1,9관,CG15017
CG15018001,1,1관,CG15018
CG15018002,1,2관,CG15018
CG15018003,1,3관,CG15018
CG15018004,1,4관,CG15018
CG15018005,1,5관,CG15018
CG15018006,1,6관,CG15018
CG15018007,1,7관,CG15018
CG15018008,1,8관,CG15018
CG15019001,1,1관,CG15019
CG15019002,1,2관,CG15019
CG15019003,1,3관,CG15019
CG15019004,1,4관,CG15019
CG15019005,1,5관,CG15019
CG15019006,1,6관,CG15019
CG15019007,1,7관,CG15019
CG15019008,1,8관,CG15019
CG15020001,1,1관,CG15020
CG15020002,1,2관,CG15020
CG15020003,1,3관,CG15020
CG15020004,1,4관,CG15020
CG15020005,1,5관,CG15020
CG15021001,1,1관,CG15021
CG15021002,1,2관,CG15021
CG15021003,1,3관,CG15021
CG15021004,1,4관,CG15021
CG15021005,1,5관,CG15021
CG15021006,1,6관,CG15021
CG15022001,1,1관,CG15022
CG15022002,1,2관,CG15022
CG15022003,1,3관,CG15022
CG15022004,1,4관,CG15022
CG15022005,1,5관,CG15022
CG15022006,1,6관,CG15022
CG16001001,1,10관,CG16001
CG16001002,1,1관,CG16001
CG16001003,1,2관,CG16001
CG16001004,1,3관,CG16001
CG16001005,1,4DX관,CG16001
CG16001006,1,5관,CG16001
CG16001007,1,6관,CG16001
CG16001008,1,8관,CG16001
CG16001009,1,9관,CG16001
CG16001010,1,IMAX관,CG16001
CG16002001,1,1관,CG16002
CG16002002,1,2관,CG16002
CG16002003,1,3관,CG16002
CG16002004,1,4관,CG16002
CG16003001,1,10관,CG16003
CG16003002,1,1관,CG16003
CG16003003,1,2관,CG16003
CG16003004,1,3관,CG16003
CG16003005,1,4관,CG16003
CG16003006,1,5관,CG16003
CG16003007,1,6관,CG16003
CG16003008,1,7관,CG16003
CG16003009,1,8관,CG16003
CG16003010,1,9관,CG16003
CG16004001,1,1관(아트하우스),CG16004
CG16004002,1,2관,CG16004
CG16004003,1,3관,CG16004
CG16004004,1,4관,CG16004
CG16004005,1,5관,CG16004
CG16004006,1,6관,CG16004
CG16004007,1,7관,CG16004
CG16005001,1,1관,CG16005
CG16005002,1,2관,CG16005
CG16005003,1,3관,CG16005
CG16005004,1,4관,CG16005
CG16005005,1,5관,CG16005
CG16005006,1,6관,CG16005
CG16006001,1,1관,CG16006
CG16006002,1,2관,CG16006
CG16006003,1,3관,CG16006
CG16006004,1,4관,CG16006
CG16006005,1,5관,CG16006
CG16006006,1,6관,CG16006
CG16007001,1,1관,CG16007
CG16007002,1,2관,CG16007
CG16007003,1,3관,CG16007
CG16007004,1,4관,CG16007
CG16007005,1,5관,CG16007
CG16007006,1,6관,CG16007
CG16007007,1,7관,CG16007
CG16008001,1,1관,CG16008
CG16008002,1,2관,CG16008
CG16008003,1,3관,CG16008
CG16008004,1,4관,CG16008
CG16008005,1,5관,CG16008
CG16009001,1,1관,CG16009
CG16009002,1,2관,CG16009
CG16009003,1,3관,CG16009
CG16009004,1,4관,CG16009
CG16009005,1,5관,CG16009
CG16009006,1,6관,CG16009
CG16010001,1,2관,CG16010
CG16010002,1,3관,CG16010
CG16010003,1,4관,CG16010
CG16010004,1,4DX관,CG16010
CG16010005,1,5관,CG16010
CG16010006,1,6관,CG16010
CG16010007,1,7관,CG16010
CG16010008,1,IMAX관,CG16010
CG16010009,1,스트레스리스시네마관,CG16010
CG16010010,1,B관,CG16010
CG16011001,1,1관,CG16011
CG16011002,1,2관,CG16011
CG16011003,1,3관,CG16011
CG16011004,1,4관,CG16011
CG16011005,1,5관,CG16011
CG16011006,1,6관,CG16011
CG17001001,1,1관,CG17001
CG17001002,1,2관,CG17001
CG17001003,1,3관,CG17001
CG17001004,1,4관,CG17001
CG17001005,1,5관,CG17001
CG17001006,1,6관,CG17001
CG17001007,1,7관,CG17001
CG17001008,1,8관,CG17001
CG17002001,1,1관,CG17002
CG17002002,1,2관,CG17002
CG17002003,1,3관,CG17002
CG17002004,1,4관,CG17002
CG17002005,1,5관,CG17002
CG17002006,1,6관,CG17002
CG17002007,1,7관,CG17002
CG17002008,1,8관,CG17002
CG17002009,1,9관,CG17002
CG17003001,1,2관,CG17003
CG17003002,1,4관,CG17003
CG17003003,1,4DX관,CG17003
CG17003004,1,6관,CG17003
CG17003005,1,7관,CG17003
CG17003006,1,8관,CG17003
CG17003007,1,9관,CG17003
CG17003008,1,ART1관,CG17003
CG17003009,1,ART2관,CG17003
CG17003010,1,BUSINESS관,CG17003
CG17003011,1,IMAX관,CG17003
CG17003012,1,SCREENX관,CG17003
CG17004001,1,1관,CG17004
CG17004002,1,2관,CG17004
CG17004003,1,3관,CG17004
CG17004004,1,4관,CG17004
CG17004005,1,5관,CG17004
CG17004006,1,6관,CG17004
CG17004007,1,7관,CG17004
CG17004008,1,8관,CG17004
CG17005001,1,1관,CG17005
CG17005002,1,2관,CG17005
CG17005003,1,3관,CG17005
CG17005004,1,4관,CG17005
CG17005005,1,5관,CG17005
CG17005006,1,6관,CG17005
CG17006001,1,1관,CG17006
CG17006002,1,2관,CG17006
CG17006003,1,3관,CG17006
CG17006004,1,4관,CG17006
CG17006005,1,5관,CG17006
CG17006006,1,6관,CG17006
CG17006007,1,7관,CG17006
CG17006008,1,8관,CG17006
CG17007001,1,1관,CG17007
CG17007002,1,2관,CG17007
CG17007003,1,3관,CG17007
CG17007004,1,4관,CG17007
CG17007005,1,5관,CG17007
CG17007006,1,6관(키즈관),CG17007
CG17008001,1,10관,CG17008
CG17008002,1,11관,CG17008
CG17008003,1,1관,CG17008
CG17008004,1,2관,CG17008
CG17008005,1,3관,CG17008
CG17008006,1,4관,CG17008
CG17008007,1,5관,CG17008
CG17008008,1,6관,CG17008
CG17008009,1,7관,CG17008
CG17008010,1,8관,CG17008
CG17008011,1,9관,CG17008
CG17009001,1,1관,CG17009
CG17009002,1,2관,CG17009
CG17009003,1,3관,CG17009
CG17009004,1,4관,CG17009
CG17009005,1,5관,CG17009
CG17009006,1,7관,CG17009
CG17010001,1,1관,CG17010
CG17010002,1,2관,CG17010
CG17010003,1,3관,CG17010
CG17010004,1,4관,CG17010
CG17011001,1,1관,CG17011
CG17011002,1,2관,CG17011
CG17011003,1,3관,CG17011
CG17011004,1,4관,CG17011
CG17011005,1,5관,CG17011
CG17011006,1,6관,CG17011
CG17011007,1,7관,CG17011
CG17012001,1,1관,CG17012
CG17012002,1,2관,CG17012
CG17012003,1,3관,CG17012
CG17012004,1,4관,CG17012
CG17012005,1,5관,CG17012
CG17012006,1,6관,CG17012
CG17012007,1,7관,CG17012
CG17012008,1,8관,CG17012
CG17012009,1,9관,CG17012
CG17013001,1,1관,CG17013
CG17013002,1,2관,CG17013
CG17013003,1,3관,CG17013
CG17013004,1,4관,CG17013
CG17013005,1,5관,CG17013
CG17013006,1,6관,CG17013
CG17013007,1,키즈관,CG17013
CG18001001,1,1관,CG18001
CG18001002,1,2관,CG18001
CG18001003,1,3관,CG18001
CG18001004,1,4관,CG18001
CG18001005,1,5관,CG18001
CG18001006,1,6관,CG18001
CG18001007,1,7관,CG18001
CG18002001,1,1관,CG18002
CG18002002,1,2관,CG18002
CG18002003,1,3관,CG18002
CG18002004,1,4관,CG18002
CG18002005,1,5관,CG18002
CG18002006,1,6관,CG18002
CG18003001,1,1관,CG18003
CG18003002,1,2관,CG18003
CG18004001,1,10관,CG18004
CG18004002,1,1관,CG18004
CG18004003,1,2관,CG18004
CG18004004,1,3관,CG18004
CG18004005,1,4관,CG18004
CG18004006,1,5관,CG18004
CG18004007,1,6관,CG18004
CG18004008,1,7관,CG18004
CG18004009,1,8관,CG18004
CG18004010,1,9관,CG18004
CG18005001,1,1관,CG18005
CG18005002,1,2관,CG18005
CG18005003,1,3관,CG18005
CG18005004,1,4관,CG18005
CG18005005,1,5관,CG18005
CG18006001,1,1관,CG18006
CG18006002,1,2관,CG18006
CG18006003,1,3관,CG18006
CG18006004,1,4관,CG18006
CG18006005,1,5관,CG18006
CG18006006,1,6관,CG18006
CG18006007,1,7관,CG18006
CG18006008,1,8관,CG18006
CG18006009,1,9관,CG18006
CG18007001,1,3관,CG18007
CG18007002,1,1관,CG18007
CG18007003,1,2관,CG18007
CG18007004,1,4관,CG18007
CG18008001,1,1관,CG18008
CG18008002,1,2관,CG18008
CG18008003,1,3관,CG18008
CG18008004,1,4관,CG18008
CG18008005,1,5관,CG18008
CG18008006,1,6관,CG18008
CG18009001,1,1관,CG18009
CG18009002,1,2관,CG18009
CG18009003,1,3관,CG18009
CG18009004,1,4관,CG18009
CG18009005,1,5관,CG18009
CG18009006,1,6관,CG18009
CG18009007,1,8관,CG18009
CG18010001,1,1관,CG18010
CG18010002,1,2관,CG18010
CG18010003,1,3관,CG18010
CG18010004,1,5관,CG18010
CG18010005,1,6관,CG18010
CG18010006,1,7관,CG18010
CG18010007,1,8관,CG18010
CG18010008,1,9관,CG18010
CG18011001,1,1관,CG18011
CG18011002,1,2관,CG18011
CG18011003,1,3관,CG18011
CG18011004,1,4관,CG18011
CG18011005,1,5관,CG18011
CG18011006,1,6관,CG18011
CG18012001,1,1관,CG18012
CG18012002,1,2관,CG18012
CG18012003,1,3관,CG18012
CG18013001,1,1관,CG18013
CG18013002,1,2관,CG18013
CG18013003,1,3관,CG18013
CG18013004,1,4관,CG18013
CG18013005,1,5관,CG18013
CG18013006,1,6관,CG18013
CG18013007,1,7관,CG18013
CG18014001,1,1관,CG18014
CG18014002,1,2관,CG18014
CG18014003,1,3관,CG18014
CG18014004,1,4관,CG18014
CG18014005,1,5관,CG18014
CG18014006,1,6관,CG18014
CG18015001,1,1관,CG18015
CG18015002,1,2관,CG18015
CG18015003,1,3관,CG18015
CG18015004,1,4관,CG18015
CG18015005,1,5관,CG18015
CG18015006,1,6관,CG18015
CG18016001,1,1관,CG18016
CG18016002,1,2관,CG18016
CG18016003,1,3관,CG18016
CG18016004,1,4관,CG18016
CG18016005,1,5관,CG18016
CG18017001,1,1관,CG18017
CG18017002,1,2관,CG18017
CG18017003,1,3관,CG18017
CG18017004,1,4관,CG18017
CG18017005,1,5관,CG18017
CG18017006,1,6관,CG18017
CG19001001,1,1관,CG19001
CG19001002,1,2관,CG19001
CG19001003,1,3관,CG19001
CG19001004,1,4관,CG19001
CG19002001,1,1관,CG19002
CG19002002,1,2관,CG19002
CG19002003,1,3관,CG19002
CG19002004,1,4관,CG19002
CG19002005,1,5관,CG19002
CG19002006,1,6관,CG19002
CG19002007,1,7관,CG19002
CG19003001,1,1관,CG19003
CG19003002,1,2관,CG19003
CG19003003,1,3관,CG19003
CG19003004,1,4관,CG19003
CG19003005,1,5관,CG19003
CG19003006,1,6관,CG19003
CG19003007,1,7관,CG19003
CG19003008,1,8관,CG19003
CG19003009,1,9관,CG19003
CG19004001,1,10관,CG19004
CG19004002,1,1관,CG19004
CG19004003,1,2관,CG19004
CG19004004,1,3관,CG19004
CG19004005,1,4관,CG19004
CG19004006,1,5관,CG19004
CG19004007,1,6관,CG19004
CG19004008,1,7관,CG19004
CG19004009,1,8관,CG19004
CG19004010,1,9관,CG19004
CG19005001,1,10관,CG19005
CG19005002,1,1관,CG19005
CG19005003,1,2관,CG19005
CG19005004,1,3관,CG19005
CG19005005,1,4관,CG19005
CG19005006,1,5관,CG19005
CG19005007,1,6관,CG19005
CG19005008,1,7관,CG19005
CG19005009,1,8관,CG19005
CG19005010,1,9관,CG19005
CG19006001,1,1관,CG19006
CG19006002,1,2관,CG19006
CG19006003,1,3관,CG19006
CG19006004,1,4관,CG19006
CG19006005,1,5관,CG19006
CG19007001,1,1관,CG19007
CG19007002,1,2관,CG19007
CG19007003,1,3관,CG19007
CG19007004,1,4관,CG19007
CG19007005,1,5관,CG19007
CG19007006,1,6관,CG19007
CG19008001,1,1관,CG19008
CG19008002,1,3관,CG19008
CG19008003,1,4관,CG19008
CG19008004,1,5관,CG19008
CG19008005,1,6관,CG19008
CG19009001,1,1관,CG19009
CG19009002,1,2관,CG19009
CG19009003,1,3관,CG19009
CG19009004,1,4관,CG19009
CG19009005,1,5관,CG19009
CG19010001,1,1관,CG19010
CG19010002,1,2관,CG19010
CG19010003,1,3관,CG19010
CG19010004,1,4관,CG19010
CG19010005,1,5관,CG19010
CG19010006,1,6관,CG19010
CG19010007,1,7관,CG19010
CG19010008,1,8관,CG19010
CG19011001,1,1관,CG19011
CG19011002,1,2관,CG19011
CG19011003,1,3관,CG19011
CG19011004,1,4관,CG19011
CG19011005,1,5관,CG19011
CG19012001,1,1관,CG19012
CG19012002,1,2관,CG19012
CG19012003,1,3관,CG19012
CG19012004,1,4관,CG19012
CG19012005,1,5관,CG19012
CG19012006,1,6관,CG19012
CG19012007,1,7관,CG19012
CG19012008,1,8관,CG19012
CG19013001,1,1관,CG19013
CG19013002,1,2관,CG19013
CG19013003,1,3관,CG19013
CG19013004,1,4관,CG19013
CG19013005,1,5관,CG19013
CG19013006,1,6관,CG19013
CG19013007,1,7관,CG19013
CG19013008,1,8관,CG19013
CG19013009,1,IMAX관,CG19013
CG19014001,1,1관,CG19014
CG19014002,1,2관,CG19014
CG19014003,1,3관,CG19014
CG19014004,1,4관,CG19014
CG19014005,1,5관,CG19014
CG19014006,1,6관,CG19014
CG19014007,1,7관,CG19014
CG19014008,1,8관,CG19014
CG19015001,1,1관,CG19015
CG19015002,1,2관,CG19015
CG19015003,1,3관,CG19015
CG19015004,1,4관,CG19015
CG19015005,1,5관,CG19015
CG19015006,1,6관,CG19015
CG19015007,1,7관,CG19015
CG19016001,1,1관,CG19016
CG19016002,1,2관,CG19016
CG19016003,1,3관,CG19016
CG19016004,1,4관,CG19016
CG19016005,1,5관,CG19016
CG19016006,1,6관,CG19016
CG19016007,1,7관,CG19016
CG19016008,1,8관(4DX),CG19016
CG19017001,1,1관,CG19017
CG19017002,1,2관,CG19017
CG19017003,1,3관,CG19017
CG19017004,1,4관,CG19017
CG19017005,1,5관,CG19017
CG19017006,1,6관,CG19017
CG19018001,1,1관,CG19018
CG19018002,1,2관,CG19018
CG19018003,1,3관,CG19018
CG19018004,1,4관,CG19018
CG19018005,1,5관,CG19018
CG19018006,1,6관,CG19018
CG19018007,1,7관,CG19018
CG19019001,1,1관,CG19019
CG19019002,1,2관,CG19019
CG19019003,1,3관,CG19019
CG19019004,1,4관,CG19019
CG19020001,1,1관,CG19020
CG19020002,1,2관,CG19020
CG19020003,1,4관,CG19020
CG19020004,1,4DX관,CG19020
CG19020005,1,5관,CG19020
CG19020006,1,6관,CG19020
CG19020007,1,7관,CG19020
CG19020008,1,8관,CG19020
CG19021001,1,1관,CG19021
CG19021002,1,2관,CG19021
CG19021003,1,3관,CG19021
CG19021004,1,4관,CG19021
CG19021005,1,5관,CG19021
CG19021006,1,6관,CG19021
CG19022001,1,1관,CG19022
CG19022002,1,2관,CG19022
CG19022003,1,3관,CG19022
CG19022004,1,4관,CG19022
CG19022005,1,5관,CG19022
CG19022006,1,6관,CG19022
CG19022007,1,7관,CG19022
CG19022008,1,8관,CG19022
CG19022009,1,9관,CG19022
MB11001001,2,1관,MB11001
MB11001002,2,2관,MB11001
MB11001003,2,3관,MB11001
MB11001004,2,4관,MB11001
MB11001005,2,5관,MB11001
MB11001006,2,6관,MB11001
MB11001007,2,7관,MB11001
MB11002001,2,10관,MB11002
MB11002002,2,1관,MB11002
MB11002003,2,2관,MB11002
MB11002004,2,3관,MB11002
MB11002005,2,4관,MB11002
MB11002006,2,6관,MB11002
MB11002007,2,7관,MB11002
MB11002008,2,8관,MB11002
MB11002009,2,9관,MB11002
MB11003001,2,2관,MB11003
MB11003002,2,4관,MB11003
MB11003003,2,5관,MB11003
MB11003004,2,6관,MB11003
MB11003005,2,7관,MB11003
MB11003006,2,8관,MB11003
MB11003007,2,DVA관,MB11003
MB11003008,2,LED 3관,MB11003
MB11004001,2,10관,MB11004
MB11004002,2,1관,MB11004
MB11004003,2,3관,MB11004
MB11004004,2,4관,MB11004
MB11004005,2,5관,MB11004
MB11004006,2,6관,MB11004
MB11004007,2,7관,MB11004
MB11004008,2,8관,MB11004
MB11004009,2,9관,MB11004
MB11005001,2,101호(COMFORT),MB11005
MB11005002,2,102호(COMFORT),MB11005
MB11005003,2,103(COMFORT),MB11005
MB11005004,2,104(COMFORT),MB11005
MB11005005,2,105호(COMFORT),MB11005
MB11005006,2,106호(COMFORT),MB11005
MB11005007,2,107호(THEBOUTIQUE),MB11005
MB11005008,2,108호(THEBOUTIQUE),MB11005
MB11006001,2,1관,MB11006
MB11006002,2,2관,MB11006
MB11006003,2,3관,MB11006
MB11006004,2,4관,MB11006
MB11006005,2,5관,MB11006
MB11006006,2,6관,MB11006
MB11007001,2,2관(COMFORT),MB11007
MB11007002,2,3관,MB11007
MB11007003,2,4관,MB11007
MB11007004,2,5관(COMFORT),MB11007
MB11007005,2,6관(COMFORT),MB11007
MB11007006,2,7관,MB11007
MB11007007,2,8관,MB11007
MB11007008,2,9관,MB11007
MB11007009,2,DolbyAtmos관,MB11007
MB11008001,2,1관,MB11008
MB11008002,2,2관,MB11008
MB11008003,2,3관,MB11008
MB11008004,2,4관,MB11008
MB11008005,2,5관,MB11008
MB11008006,2,6관,MB11008
MB11008007,2,7관,MB11008
MB11009001,2,3관,MB11009
MB11009002,2,4관,MB11009
MB11009003,2,5관,MB11009
MB11009004,2,6관,MB11009
MB11009005,2,7관,MB11009
MB11009006,2,8관,MB11009
MB11009007,2,9관,MB11009
MB11009008,2,컴포트1관,MB11009
MB11009009,2,DolbyAtmos관,MB11009
MB11010001,2,1관,MB11010
MB11010002,2,2관,MB11010
MB11010003,2,4관,MB11010
MB11010004,2,DolbyAtmos관,MB11010
MB11011001,2,101호,MB11011
MB11011002,2,102호,MB11011
MB11012001,2,101호,MB11012
MB11012002,2,102호,MB11012
MB11012003,2,103호,MB11012
MB11012004,2,104호,MB11012
MB11012005,2,105호,MB11012
MB11013001,2,1관,MB11013
MB11013002,2,2관,MB11013
MB11013003,2,3관,MB11013
MB11013004,2,4관,MB11013
MB11013005,2,5관,MB11013
MB11013006,2,6관,MB11013
MB11013007,2,7관,MB11013
MB11013008,2,8관,MB11013
MB11013009,2,9관,MB11013
MB11014001,2,1관(COMFORT),MB11014
MB11014002,2,2관,MB11014
MB11014003,2,3관,MB11014
MB11014004,2,4관(COMFORT),MB11014
MB11014005,2,5관,MB11014
MB11014006,2,6관,MB11014
MB11014007,2,7관,MB11014
MB11014008,2,8관,MB11014
MB11015001,2,1관,MB11015
MB11016001,2,1관,MB11016
MB11016002,2,2관,MB11016
MB11016003,2,3관,MB11016
MB11016004,2,4관,MB11016
MB11016005,2,5관,MB11016
MB11016006,2,6관,MB11016
MB11017001,2,1관,MB11017
MB11017002,2,2관,MB11017
MB11017003,2,3관,MB11017
MB11017004,2,4관,MB11017
MB11017005,2,5관,MB11017
MB11018001,2,MEGAMX4D관,MB11018
MB11019001,2,1관,MB11019
MB11019002,2,2관,MB11019
MB11019003,2,3관,MB11019
MB11019004,2,4관,MB11019
MB11019005,2,5관,MB11019
MB11020001,2,1관,MB11020
MB11020002,2,2관,MB11020
MB11020003,2,3관,MB11020
MB11020004,2,4관,MB11020
MB11020005,2,5관,MB11020
MB12001001,2,1관,MB12001
MB12001002,2,2관,MB12001
MB12001003,2,3관,MB12001
MB12001004,2,4관,MB12001
MB12001005,2,5관,MB12001
MB12001006,2,7관,MB12001
MB12001007,2,8관,MB12001
MB12001008,2,9관,MB12001
MB12001009,2,DolbyAtmos관,MB12001
MB12002001,2,1관,MB12002
MB12002002,2,2관,MB12002
MB12002003,2,3관,MB12002
MB12002004,2,4관,MB12002
MB12002005,2,5관,MB12002
MB12002006,2,6관,MB12002
MB12003001,2,1관,MB12003
MB12003002,2,2관,MB12003
MB12003003,2,3관,MB12003
MB12003004,2,4관,MB12003
MB12003005,2,5관,MB12003
MB12003006,2,6관,MB12003
MB12003007,2,7관,MB12003
MB12004001,2,1관,MB12004
MB12004002,2,2관,MB12004
MB12004003,2,3관,MB12004
MB12004004,2,5관,MB12004
MB12004005,2,6관,MB12004
MB12004006,2,7관,MB12004
MB12004007,2,8관,MB12004
MB12004008,2,9관,MB12004
MB12005001,2,1관,MB12005
MB12005002,2,2관,MB12005
MB12005003,2,3관,MB12005
MB12005004,2,4관,MB12005
MB12005005,2,6관,MB12005
MB12005006,2,7관,MB12005
MB12005007,2,COMFORT관관,MB12005
MB12005008,2,DolbyAtmos관,MB12005
MB12006001,2,1관,MB12006
MB12006002,2,2관,MB12006
MB12006003,2,3관,MB12006
MB12006004,2,4관,MB12006
MB12006005,2,5관,MB12006
MB12006006,2,6관,MB12006
MB12006007,2,7관,MB12006
MB12006008,2,8관,MB12006
MB12007001,2,1관,MB12007
MB12007002,2,2관,MB12007
MB12007003,2,3관,MB12007
MB12007004,2,4관,MB12007
MB12007005,2,5관,MB12007
MB12007006,2,6관,MB12007
MB12007007,2,7관,MB12007
MB12008001,2,1관,MB12008
MB12008002,2,2관,MB12008
MB12008003,2,3관,MB12008
MB12008004,2,4관,MB12008
MB12008005,2,5관,MB12008
MB12009001,2,101호,MB12009
MB12009002,2,105호,MB12009
MB12010001,2,1관,MB12010
MB12010002,2,2관,MB12010
MB12010003,2,3관,MB12010
MB12010004,2,4관,MB12010
MB12010005,2,5관,MB12010
MB12010006,2,6관,MB12010
MB12011001,2,1관,MB12011
MB12011002,2,2관,MB12011
MB12011003,2,3관,MB12011
MB12011004,2,4관,MB12011
MB12011005,2,5관,MB12011
MB12011006,2,스위트룸,MB12011
MB12012001,2,1관,MB12012
MB12012002,2,2관,MB12012
MB12012003,2,3관,MB12012
MB12012004,2,4관,MB12012
MB12012005,2,5관,MB12012
MB12012006,2,6관,MB12012
MB12013001,2,1관,MB12013
MB12013002,2,2관,MB12013
MB12013003,2,3관,MB12013
MB12013004,2,4관,MB12013
MB12013005,2,5관,MB12013
MB12014001,2,1관,MB12014
MB12014002,2,2관,MB12014
MB12014003,2,3관,MB12014
MB12014004,2,4관,MB12014
MB12015001,2,3관,MB12015
MB12015002,2,컴포트1관,MB12015
MB12015003,2,컴포트2관,MB12015
MB12015004,2,컴포트5관,MB12015
MB12015005,2,컴포트6관,MB12015
MB12015006,2,DolbyAtmos관,MB12015
MB12016001,2,컴포트1관,MB12016
MB12016002,2,컴포트2관,MB12016
MB12016003,2,컴포트3관,MB12016
MB12016004,2,컴포트4관,MB12016
MB12016005,2,컴포트5관,MB12016
MB12016006,2,컴포트6관,MB12016
MB12016007,2,컴포트7관,MB12016
MB12017001,2,1관,MB12017
MB12017002,2,2관,MB12017
MB12017003,2,3관,MB12017
MB12017004,2,4관,MB12017
MB12017005,2,5관,MB12017
MB12018001,2,컴포트2관,MB12018
MB12018002,2,컴포트3관,MB12018
MB12018003,2,컴포트5관,MB12018
MB12018004,2,컴포트6관,MB12018
MB12018005,2,컴포트7관,MB12018
MB12018006,2,컴포트8관,MB12018
MB12018007,2,DolbyAtmos관,MB12018
MB12018008,2,MEGAMX4D관,MB12018
MB12019001,2,1관,MB12019
MB12019002,2,2관,MB12019
MB12019003,2,3관,MB12019
MB12019004,2,4관,MB12019
MB12019005,2,5관,MB12019
MB12019006,2,6관,MB12019
MB12020001,2,1관,MB12020
MB12020002,2,2관,MB12020
MB12020003,2,3관,MB12020
MB12020004,2,4관,MB12020
MB12020005,2,5관,MB12020
MB12020006,2,6관,MB12020
MB12021001,2,1관,MB12021
MB12021002,2,2관,MB12021
MB12021003,2,3관,MB12021
MB12021004,2,4관,MB12021
MB12021005,2,6관,MB12021
MB12021006,2,7관,MB12021
MB12021007,2,DolbyAtmos관,MB12021
MB12022001,2,1관,MB12022
MB12022002,2,2관,MB12022
MB12022003,2,3관,MB12022
MB12022004,2,4관,MB12022
MB12023001,2,1관,MB12023
MB12023002,2,2관,MB12023
MB12023003,2,3관,MB12023
MB12023004,2,4관,MB12023
MB12023005,2,5관,MB12023
MB12024001,2,1관,MB12024
MB12024002,2,2관,MB12024
MB12024003,2,3관,MB12024
MB12024004,2,4관,MB12024
MB12024005,2,5관,MB12024
MB12024006,2,6관,MB12024
MB12025001,2,1관,MB12025
MB12025002,2,2관,MB12025
MB12025003,2,3관,MB12025
MB12025004,2,4관,MB12025
MB12025005,2,5관,MB12025
MB12025006,2,6관,MB12025
MB12025007,2,7관,MB12025
MB12025008,2,8관(FS관),MB12025
MB12026001,2,102호,MB12026
MB12027001,2,1관,MB12027
MB12027002,2,2관,MB12027
MB12027003,2,3관,MB12027
MB12027004,2,4관,MB12027
MB12027005,2,5관,MB12027
MB12028001,2,103호,MB12028
MB12028002,2,104호,MB12028
MB12029001,2,1관,MB12029
MB12029002,2,2관,MB12029
MB12029003,2,3관,MB12029
MB12029004,2,4관,MB12029
MB12029005,2,5관,MB12029
MB12030001,2,1관,MB12030
MB12030002,2,2관,MB12030
MB12030003,2,3관,MB12030
MB12030004,2,4관,MB12030
MB12030005,2,5관,MB12030
MB12030006,2,6관,MB12030
MB12031001,2,4관,MB12031
MB12031002,2,6관,MB12031
MB12031003,2,7관,MB12031
MB12031004,2,8관,MB12031
MB12031005,2,컴포트3관,MB12031
MB12031006,2,컴포트5관,MB12031
MB12032001,2,6관,MB12032
MB12033001,2,1관,MB12033
MB12033002,2,2관,MB12033
MB12033003,2,3관,MB12033
MB12033004,2,4관,MB12033
MB12033005,2,5관,MB12033
MB12033006,2,6관,MB12033
MB12033007,2,7관,MB12033
MB12034001,2,1관,MB12034
MB12034002,2,2관,MB12034
MB12034003,2,3관,MB12034
MB12034004,2,4관,MB12034
MB12034005,2,5관,MB12034
MB12034006,2,6관,MB12034
MB12034007,2,7관,MB12034
MB12035001,2,1관,MB12035
MB12035002,2,2관,MB12035
MB12035003,2,3관,MB12035
MB12035004,2,4관,MB12035
MB12035005,2,5관,MB12035
MB12036001,2,101호(스위트룸),MB12036
MB12036002,2,102호(컴포트룸),MB12036
MB12036003,2,1관,MB12036
MB12036004,2,2관,MB12036
MB12036005,2,3관,MB12036
MB12036006,2,4관,MB12036
MB12036007,2,5관,MB12036
MB12036008,2,키즈A관,MB12036
MB12036009,2,키즈B관,MB12036
MB12036010,2,DolbyAtmos관,MB12036
MB12036011,2,MEGAMX4D관,MB12036
MB13001001,2,1관,MB13001
MB13001002,2,2관,MB13001
MB13001003,2,3관,MB13001
MB13001004,2,4관,MB13001
MB13001005,2,5관,MB13001
MB13002001,2,1관,MB13002
MB13002002,2,2관(COMFORT),MB13002
MB13002003,2,3관,MB13002
MB13002004,2,4관,MB13002
MB13002005,2,5관,MB13002
MB13002006,2,7관,MB13002
MB13002007,2,8관,MB13002
MB13002008,2,DolbyAtmos관,MB13002
MB13003001,2,1관,MB13003
MB13003002,2,2관,MB13003
MB13003003,2,3관,MB13003
MB13003004,2,4관,MB13003
MB13003005,2,5관,MB13003
MB13003006,2,6관,MB13003
MB13004001,2,1관,MB13004
MB13004002,2,2관,MB13004
MB13004003,2,3관,MB13004
MB13004004,2,4관,MB13004
MB13004005,2,5관,MB13004
MB13004006,2,6관,MB13004
MB13004007,2,7관,MB13004
MB13004008,2,8관,MB13004
MB13005001,2,컴포트1관,MB13005
MB13005002,2,컴포트2관,MB13005
MB13005003,2,컴포트3관,MB13005
MB13005004,2,컴포트4관,MB13005
MB13005005,2,컴포트5관,MB13005
MB13005006,2,컴포트6관,MB13005
MB13006001,2,1관,MB13006
MB13006002,2,2관,MB13006
MB13006003,2,3관,MB13006
MB13006004,2,4관,MB13006
MB13006005,2,5관,MB13006
MB13006006,2,6관,MB13006
MB13006007,2,7관,MB13006
MB14001001,2,1관,MB14001
MB14001002,2,2관,MB14001
MB14001003,2,3관,MB14001
MB14001004,2,4관,MB14001
MB14001005,2,5관,MB14001
MB14001006,2,6관,MB14001
MB14001007,2,7관,MB14001
MB14002001,2,1관,MB14002
MB14002002,2,2관,MB14002
MB14002003,2,3관,MB14002
MB14002004,2,4관,MB14002
MB14002005,2,5관,MB14002
MB14003001,2,1관,MB14003
MB14003002,2,2관,MB14003
MB14003003,2,3관,MB14003
MB14003004,2,5관,MB14003
MB14003005,2,6관,MB14003
MB14003006,2,7관,MB14003
MB14003007,2,8관,MB14003
MB14003008,2,9관,MB14003
MB14004001,2,1관,MB14004
MB14004002,2,2관,MB14004
MB14004003,2,3관,MB14004
MB14004004,2,4관,MB14004
MB14004005,2,5관,MB14004
MB14004006,2,6관,MB14004
MB14004007,2,7관,MB14004
MB14004008,2,8관,MB14004
MB14004009,2,9관,MB14004
MB14005001,2,1관,MB14005
MB14005002,2,2관,MB14005
MB14005003,2,3관,MB14005
MB14005004,2,4관,MB14005
MB14005005,2,5관,MB14005
MB14005006,2,6관,MB14005
MB15001001,2,1관,MB15001
MB15001002,2,2관,MB15001
MB15001003,2,3관,MB15001
MB15001004,2,4관,MB15001
MB15001005,2,5관,MB15001
MB15001006,2,6관,MB15001
MB15001007,2,7관,MB15001
MB15002001,2,1관,MB15002
MB15002002,2,2관,MB15002
MB15002003,2,3관,MB15002
MB15002004,2,4관,MB15002
MB15002005,2,5관,MB15002
MB15003001,2,1관,MB15003
MB15003002,2,2관,MB15003
MB15003003,2,3관,MB15003
MB15003004,2,4관,MB15003
MB15003005,2,5관,MB15003
MB15003006,2,6관,MB15003
MB15003007,2,7관,MB15003
MB15003008,2,8관,MB15003
MB15004001,2,1관,MB15004
MB15004002,2,2관,MB15004
MB15004003,2,3관,MB15004
MB15004004,2,4관,MB15004
MB15004005,2,5관,MB15004
MB15005001,2,1관,MB15005
MB15005002,2,2관,MB15005
MB15005003,2,3관,MB15005
MB15005004,2,4관,MB15005
MB15005005,2,5관,MB15005
MB15005006,2,6관,MB15005
MB15005007,2,7관,MB15005
MB15005008,2,8관,MB15005
MB15006001,2,1관,MB15006
MB15006002,2,2관,MB15006
MB15006003,2,3관,MB15006
MB15006004,2,5관,MB15006
MB15006005,2,6관,MB15006
MB15006006,2,7관,MB15006
MB15006007,2,DolbyAtmos관,MB15006
MB15007001,2,1관,MB15007
MB15007002,2,2관,MB15007
MB15007003,2,3관,MB15007
MB15007004,2,4관,MB15007
MB15007005,2,5관,MB15007
MB15008001,2,1관,MB15008
MB15008002,2,2관,MB15008
MB15008003,2,3관,MB15008
MB15008004,2,4관,MB15008
MB15008005,2,5관,MB15008
MB15009001,2,1관,MB15009
MB15009002,2,2관,MB15009
MB15009003,2,3관,MB15009
MB15009004,2,4관,MB15009
MB15009005,2,5관,MB15009
MB15009006,2,6관,MB15009
MB15010001,2,10관,MB15010
MB15010002,2,11관,MB15010
MB15010003,2,8관,MB15010
MB15010004,2,9관,MB15010
MB15011001,2,1관,MB15011
MB15011002,2,2관,MB15011
MB15011003,2,3관,MB15011
MB15011004,2,4관,MB15011
MB15011005,2,5관,MB15011
MB15011006,2,6관,MB15011
MB15011007,2,7관,MB15011
MB15011008,2,8관,MB15011
MB15012001,2,1관,MB15012
MB15012002,2,2관,MB15012
MB15012003,2,3관,MB15012
MB15012004,2,4관,MB15012
MB15013001,2,1관,MB15013
MB15013002,2,2관,MB15013
MB15013003,2,3관,MB15013
MB15013004,2,4관,MB15013
MB15013005,2,5관,MB15013
MB15013006,2,6관,MB15013
MB15013007,2,7관,MB15013
MB15013008,2,8관,MB15013
MB15013009,2,9관,MB15013
MB15014001,2,1관,MB15014
MB15014002,2,2관,MB15014
MB15014003,2,3관,MB15014
MB15014004,2,4관,MB15014
MB15015001,2,1관,MB15015
MB15015002,2,2관,MB15015
MB15015003,2,3관,MB15015
MB15015004,2,5관,MB15015
MB15015005,2,6관,MB15015
MB15015006,2,7관,MB15015
MB15015007,2,8관,MB15015
MB15015008,2,9관,MB15015
MB15016001,2,1관,MB15016
MB15016002,2,2관,MB15016
MB15016003,2,3관,MB15016
MB15016004,2,4관,MB15016
MB15016005,2,5관,MB15016
MB15016006,2,6관,MB15016
MB15016007,2,DVA관,MB15016
MB15017001,2,1관,MB15017
MB15017002,2,2관,MB15017
MB15017003,2,3관,MB15017
MB15017004,2,4관,MB15017
MB15017005,2,5관,MB15017
MB15017006,2,6관,MB15017
MB15017007,2,7관,MB15017
MB15017008,2,8관,MB15017
MB15018001,2,1관,MB15018
MB15018002,2,2관,MB15018
MB15018003,2,3관,MB15018
MB15018004,2,4관,MB15018
MB15018005,2,5관,MB15018
MB16001001,2,1관,MB16001
MB16001002,2,3관,MB16001
MB16001003,2,4관,MB16001
MB16001004,2,5관,MB16001
MB16001005,2,6관,MB16001
MB16001006,2,7관,MB16001
MB16002001,2,1관,MB16002
MB16002002,2,2관,MB16002
MB16002003,2,3관,MB16002
MB16002004,2,4관,MB16002
MB16002005,2,5관,MB16002
MB16002006,2,6관,MB16002
MB16002007,2,7관,MB16002
MB16003001,2,1관,MB16003
MB16003002,2,2관,MB16003
MB16003003,2,3관,MB16003
MB16003004,2,4관,MB16003
MB16003005,2,5관,MB16003
MB16003006,2,6관,MB16003
MB16004001,2,2관,MB16004
MB16004002,2,3관,MB16004
MB16004003,2,4관,MB16004
MB16004004,2,5관,MB16004
MB16004005,2,6관,MB16004
MB16004006,2,DolbyAtmos관,MB16004
MB16005001,2,1관,MB16005
MB16005002,2,2관,MB16005
MB16005003,2,3관,MB16005
MB16005004,2,4관,MB16005
MB16005005,2,5관,MB16005
MB16005006,2,6관,MB16005
MB16005007,2,7관,MB16005
MB16005008,2,8관,MB16005
MB16005009,2,9관,MB16005
MB16006001,2,1관,MB16006
MB16006002,2,2관,MB16006
MB16006003,2,3관,MB16006
MB16006004,2,4관,MB16006
MB16006005,2,5관,MB16006
MB16006006,2,6관,MB16006
MB16006007,2,7관,MB16006
MB17001001,2,1관,MB17001
MB17001002,2,2관,MB17001
MB17001003,2,3관,MB17001
MB17001004,2,4관,MB17001
MB17001005,2,5관,MB17001
MB17001006,2,6관,MB17001
MB17001007,2,7관,MB17001
MB17001008,2,8관,MB17001
MB17001009,2,9관,MB17001
MB17002001,2,1관,MB17002
MB17002002,2,2관,MB17002
MB17002003,2,3관,MB17002
MB17002004,2,4관,MB17002
MB17002005,2,5관,MB17002
MB17002006,2,6관,MB17002
MB17002007,2,7관,MB17002
MB17002008,2,8관,MB17002
MB17003001,2,1관,MB17003
MB17003002,2,2관,MB17003
MB17003003,2,3관,MB17003
MB17003004,2,4관,MB17003
MB17003005,2,5관,MB17003
MB17003006,2,6관,MB17003
MB17003007,2,7관,MB17003
MB17004001,2,1관,MB17004
MB17004002,2,2관,MB17004
MB17004003,2,3관,MB17004
MB17004004,2,4관,MB17004
MB17004005,2,5관,MB17004
MB17004006,2,6관,MB17004
MB17004007,2,7관,MB17004
MB17005001,2,1관,MB17005
MB17005002,2,2관,MB17005
MB17005003,2,3관,MB17005
MB17005004,2,4관,MB17005
MB17005005,2,5관,MB17005
MB17005006,2,6관,MB17005
MB17005007,2,7관,MB17005
MB17005008,2,8관,MB17005
MB17006001,2,1관,MB17006
MB17006002,2,2관,MB17006
MB17006003,2,3관,MB17006
MB17006004,2,4관,MB17006
MB17006005,2,5관,MB17006
MB17006006,2,6관,MB17006
MB17007001,2,1관,MB17007
MB17007002,2,2관,MB17007
MB17007003,2,3관,MB17007
MB17007004,2,4관,MB17007
MB17007005,2,5관,MB17007
MB17007006,2,6관,MB17007
MB17007007,2,7관,MB17007
MB18001001,2,1관,MB18001
MB18001002,2,2관,MB18001
MB18001003,2,3관,MB18001
MB18001004,2,4관,MB18001
MB18001005,2,5관,MB18001
MB18001006,2,6관,MB18001
MB18002001,2,1관,MB18002
MB18002002,2,2관,MB18002
MB18002003,2,3관,MB18002
MB18002004,2,4관,MB18002
MB18002005,2,5관,MB18002
MB18003001,2,1관,MB18003
MB18003002,2,2관,MB18003
MB18003003,2,3관,MB18003
MB18003004,2,4관,MB18003
MB18003005,2,5관,MB18003
MB18003006,2,6관,MB18003
MB18004001,2,1관,MB18004
MB18004002,2,2관,MB18004
MB18004003,2,3관,MB18004
MB18004004,2,4관,MB18004
MB18005001,2,1관,MB18005
MB18005002,2,2관,MB18005
MB18005003,2,3관,MB18005
MB18005004,2,4관,MB18005
MB18005005,2,5관,MB18005
MB18005006,2,6관,MB18005
MB18006001,2,1관,MB18006
MB18006002,2,2관,MB18006
MB18006003,2,3관,MB18006
MB18007001,2,1관,MB18007
MB18007002,2,2관,MB18007
MB18007003,2,3관,MB18007
MB18008001,2,1관,MB18008
MB18008002,2,2관,MB18008
MB18008003,2,3관,MB18008
MB18008004,2,4관,MB18008
MB18008005,2,5관,MB18008
MB18008006,2,6관,MB18008
MB18009001,2,1관,MB18009
MB18009002,2,2관,MB18009
MB18009003,2,3관,MB18009
MB18009004,2,4관,MB18009
MB18009005,2,5관,MB18009
MB18009006,2,6관,MB18009
MB18009007,2,7관,MB18009
MB18010001,2,1관,MB18010
MB18010002,2,2관,MB18010
MB18010003,2,3관,MB18010
MB18010004,2,4관,MB18010
MB18010005,2,5관,MB18010
MB18010006,2,6관,MB18010
MB18010007,2,7관,MB18010
MB18010008,2,8관,MB18010
MB18010009,2,9관,MB18010
MB18011001,2,1관,MB18011
MB18011002,2,2관,MB18011
MB18011003,2,3관,MB18011
MB18011004,2,4관,MB18011
MB18011005,2,5관,MB18011
MB18011006,2,6관,MB18011
MB18012001,2,1관,MB18012
MB18012002,2,2관,MB18012
MB18012003,2,3관,MB18012
MB18012004,2,4관,MB18012
MB18012005,2,5관,MB18012
MB18012006,2,6관,MB18012
MB18012007,2,7관,MB18012
MB18013001,2,1관,MB18013
MB18013002,2,2관,MB18013
MB18013003,2,3관,MB18013
MB18013004,2,4관,MB18013
MB18013005,2,5관,MB18013
MB18014001,2,1관,MB18014
MB18014002,2,2관,MB18014
MB18014003,2,4관,MB18014
MB18014004,2,5관,MB18014
MB18014005,2,6관,MB18014
MB18014006,2,7관,MB18014
MB18014007,2,DolbyAtmos관,MB18014
MB19001001,2,1관,MB19001
MB19001002,2,2관,MB19001
MB19001003,2,3관,MB19001
MB19001004,2,4관,MB19001
MB19001005,2,5관,MB19001
MB19001006,2,6관,MB19001
MB19001007,2,7관,MB19001
MB19002001,2,10관,MB19002
MB19002002,2,1관,MB19002
MB19002003,2,2관,MB19002
MB19002004,2,3관,MB19002
MB19002005,2,4관,MB19002
MB19002006,2,5관,MB19002
MB19002007,2,6관,MB19002
MB19002008,2,7관,MB19002
MB19002009,2,8관,MB19002
MB19002010,2,9관,MB19002
MB19003001,2,2관,MB19003
MB19003002,2,3관,MB19003
MB19003003,2,4관,MB19003
MB19003004,2,5관,MB19003
MB19003005,2,6관,MB19003
MB19003006,2,7관,MB19003
MB19004001,2,1관,MB19004
MB19004002,2,2관,MB19004
MB19004003,2,3관,MB19004
MB19004004,2,4관,MB19004
MB19004005,2,5관,MB19004
MB19004006,2,6관,MB19004
MB19004007,2,7관,MB19004
MB19004008,2,8관,MB19004
MB19005001,2,1관,MB19005
MB19006001,2,1관,MB19006
MB19006002,2,2관,MB19006
MB19006003,2,3관,MB19006
MB19006004,2,4관,MB19006
MB19006005,2,5관,MB19006
MB19006006,2,6관,MB19006
MB19006007,2,7관,MB19006
MB19007001,2,10관,MB19007
MB19007002,2,1관,MB19007
MB19007003,2,2관,MB19007
MB19007004,2,3관,MB19007
MB19007005,2,4관,MB19007
MB19007006,2,5관,MB19007
MB19007007,2,6관,MB19007
MB19007008,2,7관,MB19007
MB19007009,2,8관,MB19007
MB19007010,2,9관,MB19007
MB19008001,2,1관,MB19008
MB19008002,2,2관,MB19008
MB19008003,2,3관,MB19008
MB19008004,2,4관,MB19008
MB19008005,2,5관,MB19008
MB19008006,2,6관,MB19008
MB19008007,2,7관,MB19008
MB19009001,2,1관,MB19009
MB19009002,2,2관,MB19009
MB19009003,2,3관,MB19009
MB19009004,2,4관,MB19009
MB19009005,2,5관,MB19009
MB19010001,2,1관,MB19010
MB19010002,2,2관,MB19010
MB19010003,2,3관,MB19010
MB19011001,2,1관,MB19011
MB19011002,2,2관,MB19011
MB19011003,2,3관,MB19011
MB19011004,2,4관,MB19011
MB19011005,2,5관,MB19011
MB19011006,2,6관,MB19011
MB19012001,2,1관,MB19012
MB19012002,2,2관,MB19012
MB19012003,2,3관,MB19012
MB19012004,2,4관,MB19012
MB19012005,2,5관,MB19012
MB19012006,2,6관,MB19012
MB19012007,2,7관,MB19012
MB19012008,2,8관,MB19012
MB19012009,2,9관,MB19012
MB19013001,2,10관,MB19013
MB19013002,2,1관,MB19013
MB19013003,2,2관,MB19013
MB19013004,2,3관,MB19013
MB19013005,2,4관,MB19013
MB19013006,2,5관,MB19013
MB19013007,2,6관,MB19013
MB19013008,2,7관,MB19013
MB19013009,2,8관,MB19013
MB19013010,2,9관,MB19013
LC11001001,3,1관,LC11001
LC11001002,3,2관,LC11001
LC11001003,3,3관,LC11001
LC11001004,3,4관,LC11001
LC11001005,3,5관,LC11001
LC11001006,3,6관,LC11001
LC11002001,3,1관,LC11002
LC11002002,3,2관,LC11002
LC11002003,3,3관,LC11002
LC11002004,3,4관,LC11002
LC11002005,3,5관,LC11002
LC11002006,3,6관,LC11002
LC11003001,3,10관,LC11003
LC11003002,3,1관,LC11003
LC11003003,3,2관,LC11003
LC11003004,3,3관,LC11003
LC11003005,3,4관,LC11003
LC11003006,3,5관,LC11003
LC11003007,3,6관,LC11003
LC11003008,3,7관,LC11003
LC11003009,3,8관,LC11003
LC11003010,3,9관,LC11003
LC11004001,3,10관,LC11004
LC11004002,3,1관,LC11004
LC11004003,3,2관,LC11004
LC11004004,3,3관,LC11004
LC11004005,3,4관,LC11004
LC11004006,3,5관,LC11004
LC11004007,3,6관,LC11004
LC11004008,3,7관,LC11004
LC11004009,3,8관,LC11004
LC11004010,3,9관,LC11004
LC11004011,3,샤롯데관,LC11004
LC11005001,3,10관,LC11005
LC11005002,3,1관,LC11005
LC11005003,3,2관,LC11005
LC11005004,3,3관,LC11005
LC11005005,3,4관,LC11005
LC11005006,3,5관,LC11005
LC11005007,3,6관,LC11005
LC11005008,3,7관,LC11005
LC11005009,3,8관,LC11005
LC11005010,3,9관,LC11005
LC11006001,3,10관,LC11006
LC11006002,3,1관,LC11006
LC11006003,3,2관,LC11006
LC11006004,3,3관,LC11006
LC11006005,3,4관,LC11006
LC11006006,3,5관,LC11006
LC11006007,3,6관(아르떼),LC11006
LC11006008,3,7관,LC11006
LC11006009,3,8관,LC11006
LC11006010,3,9관,LC11006
LC11007001,3,1관,LC11007
LC11007002,3,2관,LC11007
LC11007003,3,3관,LC11007
LC11007004,3,4관,LC11007
LC11007005,3,5관,LC11007
LC11007006,3,6관,LC11007
LC11007007,3,7관,LC11007
LC11008001,3,1관,LC11008
LC11008002,3,2관,LC11008
LC11008003,3,3관,LC11008
LC11008004,3,4관,LC11008
LC11008005,3,5관,LC11008
LC11008006,3,6관,LC11008
LC11008007,3,7관,LC11008
LC11008008,3,8관,LC11008
LC11009001,3,1관,LC11009
LC11009002,3,2관,LC11009
LC11009003,3,3관,LC11009
LC11009004,3,4관,LC11009
LC11009005,3,5관,LC11009
LC11010001,3,1관,LC11010
LC11010002,3,2관,LC11010
LC11010003,3,3관,LC11010
LC11010004,3,4관,LC11010
LC11010005,3,5관,LC11010
LC11010006,3,6관,LC11010
LC11011001,3,1관,LC11011
LC11011002,3,2관,LC11011
LC11011003,3,3관,LC11011
LC11011004,3,4관,LC11011
LC11011005,3,5관,LC11011
LC11011006,3,6관,LC11011
LC11012001,3,1관,LC11012
LC11012002,3,2관,LC11012
LC11012003,3,3관,LC11012
LC11012004,3,4관,LC11012
LC11012005,3,5관,LC11012
LC11013001,3,1관,LC11013
LC11013002,3,2관,LC11013
LC11013003,3,3관,LC11013
LC11013004,3,4관,LC11013
LC11013005,3,5관,LC11013
LC11013006,3,6관,LC11013
LC11013007,3,7관,LC11013
LC11013008,3,8관,LC11013
LC11014001,3,1관,LC11014
LC11014002,3,2관,LC11014
LC11014003,3,3관,LC11014
LC11014004,3,5관,LC11014
LC11014005,3,샤롯데관,LC11014
LC11015001,3,1관,LC11015
LC11015002,3,2관,LC11015
LC11015003,3,3관,LC11015
LC11015004,3,4관,LC11015
LC11015005,3,5관,LC11015
LC11015006,3,6관,LC11015
LC11015007,3,7관,LC11015
LC11016001,3,1관,LC11016
LC11016002,3,2관,LC11016
LC11016003,3,3관,LC11016
LC11016004,3,4관,LC11016
LC11016005,3,5관,LC11016
LC11016006,3,6관,LC11016
LC11016007,3,7관,LC11016
LC11016008,3,8관,LC11016
LC11017001,3,10관,LC11017
LC11017002,3,11관,LC11017
LC11017003,3,12관,LC11017
LC11017004,3,13관,LC11017
LC11017005,3,14관,LC11017
LC11017006,3,15관,LC11017
LC11017007,3,16관,LC11017
LC11017008,3,17관,LC11017
LC11017009,3,18관,LC11017
LC11017010,3,19관,LC11017
LC11017011,3,1관,LC11017
LC11017012,3,20관,LC11017
LC11017013,3,21관,LC11017
LC11017014,3,2관,LC11017
LC11017015,3,3관,LC11017
LC11017016,3,4관,LC11017
LC11017017,3,5관,LC11017
LC11017018,3,6관,LC11017
LC11017019,3,7관,LC11017
LC11017020,3,8관,LC11017
LC11017021,3,9관,LC11017
LC11018001,3,1관,LC11018
LC11018002,3,2관,LC11018
LC11018003,3,3관,LC11018
LC11018004,3,4관,LC11018
LC11018005,3,5관,LC11018
LC11018006,3,6관,LC11018
LC11018007,3,7관,LC11018
LC11018008,3,8관,LC11018
LC11019001,3,1관,LC11019
LC11019002,3,2관,LC11019
LC11019003,3,3관,LC11019
LC11019004,3,4관,LC11019
LC11019005,3,5관,LC11019
LC11019006,3,6관,LC11019
LC11019007,3,7관,LC11019
LC11019008,3,8관,LC11019
LC11020001,3,1관,LC11020
LC11020002,3,2관,LC11020
LC11020003,3,3관,LC11020
LC11020004,3,4관,LC11020
LC11020005,3,5관,LC11020
LC11020006,3,6관,LC11020
LC11020007,3,7관,LC11020
LC11020008,3,8관,LC11020
LC11021001,3,1관,LC11021
LC11021002,3,2관,LC11021
LC11021003,3,3관,LC11021
LC11021004,3,4관,LC11021
LC11022001,3,3관,LC11022
LC11022002,3,4관,LC11022
LC11022003,3,5관,LC11022
LC11022004,3,6관,LC11022
LC12001001,3,1관,LC12001
LC12001002,3,2관,LC12001
LC12001003,3,3관,LC12001
LC12001004,3,4관,LC12001
LC12001005,3,5관,LC12001
LC12001006,3,6관,LC12001
LC12002001,3,1관,LC12002
LC12002002,3,2관,LC12002
LC12002003,3,3관,LC12002
LC12002004,3,4관,LC12002
LC12002005,3,5관,LC12002
LC12002006,3,6관,LC12002
LC12003001,3,1관,LC12003
LC12003002,3,2관,LC12003
LC12003003,3,3관,LC12003
LC12003004,3,4관,LC12003
LC12003005,3,5관,LC12003
LC12003006,3,6관,LC12003
LC12003007,3,7관,LC12003
LC12004001,3,1관,LC12004
LC12004002,3,2관,LC12004
LC12004003,3,3관,LC12004
LC12004004,3,4관,LC12004
LC12004005,3,5관,LC12004
LC12004006,3,6관,LC12004
LC12004007,3,7관,LC12004
LC12005001,3,2관,LC12005
LC12005002,3,3관,LC12005
LC12005003,3,4관,LC12005
LC12005004,3,5관,LC12005
LC12005005,3,6관,LC12005
LC12005006,3,7관,LC12005
LC12005007,3,샤롯데관,LC12005
LC12006001,3,1관,LC12006
LC12006002,3,2관,LC12006
LC12006003,3,3관,LC12006
LC12006004,3,4관,LC12006
LC12006005,3,5관,LC12006
LC12006006,3,6관,LC12006
LC12006007,3,7관,LC12006
LC12006008,3,8관,LC12006
LC12007001,3,1관,LC12007
LC12007002,3,2관,LC12007
LC12008001,3,1관,LC12008
LC12008002,3,2관,LC12008
LC12008003,3,3관,LC12008
LC12008004,3,4관,LC12008
LC12008005,3,5관,LC12008
LC12009001,3,1관,LC12009
LC12009002,3,2관,LC12009
LC12009003,3,3관,LC12009
LC12009004,3,4관,LC12009
LC12009005,3,5관,LC12009
LC12009006,3,6관,LC12009
LC12009007,3,7관,LC12009
LC12009008,3,8관,LC12009
LC12010001,3,1관,LC12010
LC12010002,3,2관,LC12010
LC12010003,3,3관,LC12010
LC12010004,3,4관,LC12010
LC12010005,3,5관,LC12010
LC12010006,3,6관,LC12010
LC12010007,3,7관,LC12010
LC12010008,3,8관,LC12010
LC12011001,3,1관,LC12011
LC12011002,3,2관,LC12011
LC12011003,3,3관,LC12011
LC12011004,3,4관,LC12011
LC12011005,3,5관,LC12011
LC12012001,3,1관,LC12012
LC12012002,3,2관,LC12012
LC12012003,3,3관,LC12012
LC12012004,3,4관,LC12012
LC12012005,3,5관,LC12012
LC12012006,3,6관,LC12012
LC12012007,3,7관,LC12012
LC12013001,3,1관,LC12013
LC12013002,3,2관,LC12013
LC12013003,3,3관,LC12013
LC12013004,3,4관,LC12013
LC12013005,3,5관,LC12013
LC12013006,3,6관,LC12013
LC12014001,3,1관,LC12014
LC12014002,3,2관,LC12014
LC12014003,3,3관,LC12014
LC12014004,3,4관,LC12014
LC12014005,3,5관,LC12014
LC12014006,3,6관,LC12014
LC12014007,3,7관,LC12014
LC12014008,3,8관,LC12014
LC12014009,3,9관,LC12014
LC12015001,3,1관,LC12015
LC12015002,3,2관,LC12015
LC12015003,3,3관,LC12015
LC12015004,3,4관,LC12015
LC12015005,3,5관,LC12015
LC12015006,3,6관,LC12015
LC12015007,3,7관,LC12015
LC12015008,3,8관,LC12015
LC12015009,3,9관,LC12015
LC12016001,3,1관,LC12016
LC12016002,3,2관,LC12016
LC12016003,3,3관,LC12016
LC12016004,3,4관,LC12016
LC12016005,3,5관,LC12016
LC12017001,3,1관,LC12017
LC12017002,3,2관,LC12017
LC12017003,3,3관,LC12017
LC12017004,3,4관,LC12017
LC12017005,3,5관,LC12017
LC12017006,3,6관,LC12017
LC12017007,3,7관,LC12017
LC12017008,3,8관,LC12017
LC12019001,3,1관,LC12019
LC12019002,3,2관,LC12019
LC12019003,3,3관,LC12019
LC12019004,3,4관,LC12019
LC12019005,3,5관,LC12019
LC12019006,3,6관,LC12019
LC12019007,3,7관,LC12019
LC12019008,3,8관,LC12019
LC12020001,3,1관,LC12020
LC12020002,3,2관,LC12020
LC12020003,3,3관,LC12020
LC12020004,3,4관,LC12020
LC12020005,3,5관,LC12020
LC12020006,3,6관,LC12020
LC12020007,3,7관,LC12020
LC12020008,3,8관,LC12020
LC12021001,3,1관,LC12021
LC12021002,3,2관,LC12021
LC12021003,3,3관,LC12021
LC12021004,3,4관,LC12021
LC12021005,3,5관,LC12021
LC12022001,3,2관,LC12022
LC12022002,3,3관,LC12022
LC12022003,3,4관,LC12022
LC12022004,3,5관,LC12022
LC12022005,3,6관,LC12022
LC12022006,3,7관,LC12022
LC12022007,3,8관,LC12022
LC12022008,3,샤롯데관,LC12022
LC12023001,3,1관,LC12023
LC12023002,3,2관,LC12023
LC12023003,3,3관,LC12023
LC12023004,3,4관,LC12023
LC12023005,3,5관,LC12023
LC12023006,3,6관,LC12023
LC12023007,3,7관,LC12023
LC12024001,3,1관,LC12024
LC12024002,3,2관,LC12024
LC12025001,3,1관,LC12025
LC12025002,3,2관,LC12025
LC12025003,3,3관,LC12025
LC12025004,3,4관,LC12025
LC12025005,3,5관,LC12025
LC12025006,3,6관,LC12025
LC12025007,3,7관,LC12025
LC12026001,3,1관,LC12026
LC12026002,3,2관,LC12026
LC12026003,3,3관,LC12026
LC12026004,3,4관,LC12026
LC12026005,3,5관,LC12026
LC12026006,3,6관,LC12026
LC12026007,3,7관,LC12026
LC12026008,3,8관,LC12026
LC12027001,3,1관,LC12027
LC12027002,3,2관,LC12027
LC12027003,3,3관,LC12027
LC12028001,3,1관,LC12028
LC12028002,3,2관,LC12028
LC12028003,3,3관,LC12028
LC12028004,3,5관,LC12028
LC12028005,3,6관,LC12028
LC12028006,3,7관,LC12028
LC12029001,3,1관,LC12029
LC12029002,3,2관,LC12029
LC12029003,3,3관,LC12029
LC12029004,3,4관,LC12029
LC12029005,3,5관,LC12029
LC12029006,3,6관,LC12029
LC12029007,3,7관,LC12029
LC12030001,3,1관,LC12030
LC12030002,3,2관,LC12030
LC12030003,3,3관,LC12030
LC12030004,3,4관,LC12030
LC12030005,3,5관,LC12030
LC12030006,3,6관,LC12030
LC12030007,3,7관,LC12030
LC12031001,3,1관,LC12031
LC12031002,3,2관,LC12031
LC12031003,3,3관,LC12031
LC12031004,3,4관,LC12031
LC12031005,3,5관,LC12031
LC12031006,3,6관,LC12031
LC12031007,3,7관,LC12031
LC12032001,3,1관,LC12032
LC12032002,3,2관,LC12032
LC12032003,3,3관,LC12032
LC12032004,3,4관,LC12032
LC12032005,3,5관,LC12032
LC12032006,3,6관,LC12032
LC12032007,3,7관,LC12032
LC12033001,3,1관,LC12033
LC12033002,3,2관,LC12033
LC12033003,3,3관,LC12033
LC12033004,3,4관,LC12033
LC12033005,3,5관,LC12033
LC12033006,3,6관,LC12033
LC12034001,3,1관,LC12034
LC12034002,3,2관,LC12034
LC12034003,3,3관,LC12034
LC12034004,3,4관,LC12034
LC12034005,3,5관,LC12034
LC12034006,3,6관,LC12034
LC12035001,3,1관,LC12035
LC12035002,3,2관,LC12035
LC12035003,3,3관,LC12035
LC12036001,3,1관,LC12036
LC12036002,3,2관,LC12036
LC12036003,3,3관,LC12036
LC12036004,3,4관,LC12036
LC12036005,3,5관,LC12036
LC12036006,3,6관,LC12036
LC12036007,3,7관,LC12036
LC12037001,3,1관,LC12037
LC12037002,3,2관,LC12037
LC12037003,3,3관,LC12037
LC12037004,3,4관,LC12037
LC12037005,3,5관,LC12037
LC12037006,3,6관,LC12037
LC12037007,3,7관,LC12037
LC12038001,3,1관,LC12038
LC12038002,3,2관,LC12038
LC12038003,3,3관,LC12038
LC12038004,3,4관,LC12038
LC12038005,3,5관,LC12038
LC12038006,3,6관,LC12038
LC12038007,3,7관,LC12038
LC12039001,3,1관,LC12039
LC12039002,3,2관,LC12039
LC12039003,3,3관,LC12039
LC12039004,3,4관,LC12039
LC12039005,3,5관,LC12039
LC12039006,3,6관,LC12039
LC12039007,3,7관,LC12039
LC12039008,3,8관,LC12039
LC12040001,3,1관,LC12040
LC12040002,3,2관,LC12040
LC12040003,3,3관,LC12040
LC12040004,3,4관,LC12040
LC12040005,3,5관,LC12040
LC12040006,3,6관,LC12040
LC12040007,3,7관,LC12040
LC12040008,3,8관,LC12040
LC12041001,3,1관,LC12041
LC12041002,3,2관,LC12041
LC12041003,3,3관,LC12041
LC12041004,3,4관,LC12041
LC12041005,3,5관,LC12041
LC13001001,3,1관,LC13001
LC13001002,3,2관,LC13001
LC13001003,3,3관,LC13001
LC13001004,3,4관,LC13001
LC13001005,3,5관,LC13001
LC13001006,3,6관,LC13001
LC13001007,3,7관,LC13001
LC13001008,3,8관,LC13001
LC13001009,3,9관,LC13001
LC13002001,3,1관,LC13002
LC13002002,3,2관,LC13002
LC13002003,3,3관,LC13002
LC13002004,3,4관,LC13002
LC13002005,3,5관,LC13002
LC13002006,3,6관,LC13002
LC13002007,3,7관,LC13002
LC13003001,3,1관,LC13003
LC13003002,3,2관,LC13003
LC13003003,3,3관,LC13003
LC13003004,3,4관,LC13003
LC13003005,3,5관,LC13003
LC13003006,3,6관,LC13003
LC13003007,3,7관,LC13003
LC13003008,3,8관,LC13003
LC13003009,3,9관,LC13003
LC13004001,3,1관,LC13004
LC13004002,3,2관,LC13004
LC13004003,3,3관,LC13004
LC13004004,3,4관,LC13004
LC14001001,3,1관,LC14001
LC14001002,3,2관,LC14001
LC14001003,3,3관,LC14001
LC14001004,3,4관,LC14001
LC14002001,3,1관,LC14002
LC14002002,3,2관,LC14002
LC14002003,3,3관,LC14002
LC14002004,3,4관,LC14002
LC14002005,3,5관,LC14002
LC14002006,3,6관,LC14002
LC14002007,3,7관,LC14002
LC14003001,3,1관,LC14003
LC14003002,3,2관,LC14003
LC14003003,3,3관,LC14003
LC14003004,3,4관,LC14003
LC14003005,3,5관,LC14003
LC14004001,3,1관,LC14004
LC14004002,3,2관,LC14004
LC14004003,3,3관,LC14004
LC14004004,3,4관,LC14004
LC14004005,3,5관,LC14004
LC14005001,3,1관,LC14005
LC14005002,3,2관,LC14005
LC14005003,3,3관,LC14005
LC14005004,3,4관,LC14005
LC14005005,3,5관,LC14005
LC14005006,3,6관,LC14005
LC14005007,3,7관,LC14005
LC14005008,3,8관,LC14005
LC14006001,3,1관,LC14006
LC14006002,3,2관,LC14006
LC14006003,3,3관,LC14006
LC14006004,3,4관,LC14006
LC14006005,3,5관,LC14006
LC14006006,3,6관,LC14006
LC15001001,3,1관,LC15001
LC15001002,3,2관,LC15001
LC15001003,3,3관,LC15001
LC15001004,3,4관,LC15001
LC15001005,3,5관,LC15001
LC15001006,3,6관,LC15001
LC15001007,3,7관,LC15001
LC15002001,3,1관,LC15002
LC15002002,3,2관,LC15002
LC15002003,3,3관,LC15002
LC15002004,3,4관,LC15002
LC15002005,3,5관,LC15002
LC15002006,3,6관,LC15002
LC15002007,3,7관,LC15002
LC15002008,3,8관,LC15002
LC15003001,3,1관,LC15003
LC15003002,3,2관,LC15003
LC15003003,3,3관,LC15003
LC15003004,3,4관,LC15003
LC15003005,3,5관,LC15003
LC15003006,3,6관,LC15003
LC15003007,3,7관,LC15003
LC15004001,3,1관,LC15004
LC15004002,3,2관,LC15004
LC15004003,3,3관,LC15004
LC15004004,3,4관,LC15004
LC15004005,3,5관,LC15004
LC15004006,3,6관,LC15004
LC15004007,3,7관,LC15004
LC15005001,3,1관,LC15005
LC15005002,3,2관,LC15005
LC15005003,3,3관,LC15005
LC15005004,3,4관,LC15005
LC15005005,3,5관,LC15005
LC15005006,3,6관,LC15005
LC15006001,3,7관,LC15006
LC15007001,3,1관,LC15007
LC15007002,3,2관,LC15007
LC15007003,3,3관,LC15007
LC15007004,3,4관,LC15007
LC15007005,3,5관,LC15007
LC15007006,3,6관,LC15007
LC15008001,3,1관,LC15008
LC15008002,3,2관,LC15008
LC15008003,3,3관,LC15008
LC15008004,3,4관,LC15008
LC15008005,3,5관,LC15008
LC15008006,3,6관,LC15008
LC15009001,3,1관,LC15009
LC15009002,3,2관,LC15009
LC15009003,3,3관,LC15009
LC15009004,3,4관,LC15009
LC15009005,3,5관,LC15009
LC15009006,3,6관,LC15009
LC15010001,3,1관,LC15010
LC15010002,3,2관,LC15010
LC15010003,3,3관,LC15010
LC15010004,3,4관,LC15010
LC15010005,3,5관,LC15010
LC15010006,3,6관,LC15010
LC15011001,3,1관,LC15011
LC15011002,3,2관,LC15011
LC15011003,3,3관,LC15011
LC15011004,3,4관,LC15011
LC15011005,3,5관,LC15011
LC15011006,3,6관,LC15011
LC15012001,3,1관,LC15012
LC15012002,3,2관,LC15012
LC15012003,3,3관,LC15012
LC15012004,3,4관,LC15012
LC15012005,3,5관,LC15012
LC15012006,3,6관,LC15012
LC15012007,3,7관,LC15012
LC15012008,3,8관,LC15012
LC15013001,3,1관,LC15013
LC15013002,3,2관,LC15013
LC15013003,3,3관,LC15013
LC15013004,3,4관,LC15013
LC15013005,3,5관,LC15013
LC16001001,3,1관,LC16001
LC16001002,3,2관,LC16001
LC16001003,3,3관,LC16001
LC16001004,3,4관,LC16001
LC16001005,3,5관,LC16001
LC16001006,3,6관,LC16001
LC16001007,3,7관,LC16001
LC16002001,3,1관,LC16002
LC16002002,3,2관,LC16002
LC16002003,3,3관,LC16002
LC16002004,3,4관,LC16002
LC16002005,3,5관,LC16002
LC16002006,3,6관,LC16002
LC16002007,3,7관,LC16002
LC16002008,3,8관,LC16002
LC16002009,3,9관,LC16002
LC16003001,3,1관,LC16003
LC16003002,3,2관,LC16003
LC16003003,3,3관,LC16003
LC16003004,3,4관,LC16003
LC16003005,3,5관,LC16003
LC16003006,3,6관,LC16003
LC16004001,3,1관,LC16004
LC16004002,3,2관,LC16004
LC16004003,3,3관,LC16004
LC16004004,3,4관,LC16004
LC16004005,3,5관,LC16004
LC16004006,3,6관,LC16004
LC16004007,3,7관,LC16004
LC16006001,3,1관,LC16006
LC16006002,3,2관,LC16006
LC16006003,3,3관,LC16006
LC16006004,3,4관,LC16006
LC16006005,3,5관,LC16006
LC16006006,3,6관,LC16006
LC16006007,3,7관,LC16006
LC16006008,3,8관,LC16006
LC16006009,3,9관,LC16006
LC16007001,3,10관,LC16007
LC16007002,3,1관,LC16007
LC16007003,3,2관,LC16007
LC16007004,3,3관,LC16007
LC16007005,3,4관,LC16007
LC16007006,3,5관,LC16007
LC16007007,3,6관,LC16007
LC16007008,3,7관,LC16007
LC16007009,3,8관,LC16007
LC16007010,3,9관,LC16007
LC16008001,3,1관,LC16008
LC16008002,3,2관,LC16008
LC16008003,3,3관,LC16008
LC16008004,3,4관,LC16008
LC16008005,3,5관,LC16008
LC16008006,3,6관,LC16008
LC16009001,3,1관,LC16009
LC16009002,3,2관,LC16009
LC16009003,3,3관,LC16009
LC16009004,3,4관,LC16009
LC16009005,3,5관,LC16009
LC16009006,3,6관,LC16009
LC16010001,3,10관,LC16010
LC16010002,3,1관,LC16010
LC16010003,3,2관,LC16010
LC16010004,3,3관,LC16010
LC16010005,3,4관,LC16010
LC16010006,3,5관,LC16010
LC16010007,3,6관,LC16010
LC16010008,3,7관,LC16010
LC16010009,3,8관,LC16010
LC16010010,3,9관,LC16010
LC17001001,3,10관,LC17001
LC17001002,3,11관,LC17001
LC17001003,3,1관,LC17001
LC17001004,3,2관,LC17001
LC17001005,3,3관,LC17001
LC17001006,3,4관,LC17001
LC17001007,3,5관,LC17001
LC17001008,3,6관,LC17001
LC17001009,3,7관,LC17001
LC17001010,3,8관,LC17001
LC17001011,3,9관,LC17001
LC17002001,3,1관,LC17002
LC17002002,3,2관,LC17002
LC17002003,3,3관,LC17002
LC17002004,3,4관,LC17002
LC17002005,3,5관,LC17002
LC17002006,3,6관,LC17002
LC17002007,3,7관,LC17002
LC17002008,3,8관,LC17002
LC17002009,3,9관,LC17002
LC17003001,3,1관,LC17003
LC17003002,3,2관,LC17003
LC17003003,3,3관,LC17003
LC17003004,3,4관,LC17003
LC17003005,3,5관,LC17003
LC17003006,3,6관,LC17003
LC17004001,3,1관,LC17004
LC17004002,3,2관,LC17004
LC17004003,3,3관,LC17004
LC17004004,3,4관,LC17004
LC17004005,3,5관,LC17004
LC17004006,3,6관,LC17004
LC17004007,3,7관,LC17004
LC17005001,3,10관,LC17005
LC17005002,3,11관,LC17005
LC17005003,3,1관,LC17005
LC17005004,3,2관,LC17005
LC17005005,3,3관,LC17005
LC17005006,3,4관,LC17005
LC17005007,3,5관,LC17005
LC17005008,3,6관,LC17005
LC17005009,3,7관,LC17005
LC17005010,3,8관,LC17005
LC17005011,3,9관,LC17005
LC17006001,3,1관,LC17006
LC17006002,3,2관,LC17006
LC17006003,3,3관,LC17006
LC17006004,3,4관,LC17006
LC17006005,3,5관,LC17006
LC17006006,3,6관,LC17006
LC17007001,3,1관,LC17007
LC17007002,3,2관,LC17007
LC17007003,3,3관,LC17007
LC17007004,3,4관,LC17007
LC17007005,3,5관,LC17007
LC17007006,3,6관,LC17007
LC17007007,3,7관,LC17007
LC17008001,3,1관,LC17008
LC17008002,3,2관,LC17008
LC17008003,3,3관,LC17008
LC17008004,3,4관,LC17008
LC17008005,3,5관,LC17008
LC17008006,3,6관,LC17008
LC17008007,3,7관,LC17008
LC17008008,3,8관,LC17008
LC17008009,3,9관,LC17008
LC17009001,3,1관,LC17009
LC17009002,3,2관,LC17009
LC17009003,3,3관,LC17009
LC17009004,3,4관,LC17009
LC17009005,3,5관,LC17009
LC17009006,3,6관,LC17009
LC17009007,3,7관,LC17009
LC18001001,3,1관,LC18001
LC18001002,3,2관,LC18001
LC18002001,3,1관,LC18002
LC18002002,3,2관,LC18002
LC18003001,3,1관,LC18003
LC18003002,3,2관,LC18003
LC18003003,3,3관,LC18003
LC18003004,3,4관,LC18003
LC18003005,3,5관,LC18003
LC18003006,3,6관,LC18003
LC18004001,3,1관,LC18004
LC18004002,3,2관,LC18004
LC18004003,3,3관,LC18004
LC18004004,3,4관,LC18004
LC18004005,3,5관,LC18004
LC18004006,3,6관,LC18004
LC18004007,3,7관,LC18004
LC18004008,3,8관,LC18004
LC18005001,3,1관,LC18005
LC18005002,3,2관,LC18005
LC18005003,3,3관,LC18005
LC18005004,3,4관,LC18005
LC18005005,3,5관,LC18005
LC18005006,3,6관,LC18005
LC18005007,3,7관,LC18005
LC18006001,3,1관,LC18006
LC18006002,3,2관,LC18006
LC18006003,3,3관,LC18006
LC18006004,3,4관,LC18006
LC18006005,3,5관,LC18006
LC18006006,3,6관,LC18006
LC18007001,3,1관,LC18007
LC18007002,3,2관,LC18007
LC18007003,3,3관,LC18007
LC18007004,3,4관,LC18007
LC18007005,3,5관,LC18007
LC18007006,3,6관,LC18007
LC18007007,3,7관,LC18007
LC18008001,3,1관,LC18008
LC18008002,3,2관,LC18008
LC18008003,3,3관,LC18008
LC18008004,3,5관,LC18008
LC18008005,3,6관,LC18008
LC18008006,3,7관,LC18008
LC18009001,3,1관,LC18009
LC18009002,3,2관,LC18009
LC18009003,3,3관,LC18009
LC18009004,3,4관,LC18009
LC18010001,3,1관,LC18010
LC18010002,3,2관,LC18010
LC18010003,3,3관,LC18010
LC18010004,3,4관,LC18010
LC18010005,3,5관,LC18010
LC18011001,3,1관,LC18011
LC18011002,3,2관,LC18011
LC18011003,3,3관,LC18011
LC18011004,3,4관,LC18011
LC18011005,3,5관,LC18011
LC18011006,3,6관,LC18011
LC18011007,3,7관,LC18011
LC18011008,3,8관,LC18011
LC18011009,3,시그니처M,LC18011
LC18012001,3,1관,LC18012
LC18013001,3,1관,LC18013
LC18013002,3,2관,LC18013
LC18013003,3,3관,LC18013
LC18013004,3,4관,LC18013
LC18013005,3,5관,LC18013
LC18013006,3,6관,LC18013
LC18013007,3,7관,LC18013
LC18014001,3,1관,LC18014
LC18014002,3,2관,LC18014
LC18014003,3,3관,LC18014
LC18014004,3,4관,LC18014
LC18014005,3,5관,LC18014
LC18014006,3,6관,LC18014
LC18015001,3,1관,LC18015
LC18015002,3,2관,LC18015
LC18015003,3,3관,LC18015
LC18015004,3,4관,LC18015
LC18015005,3,5관,LC18015
LC18015006,3,6관,LC18015
LC18015007,3,7관,LC18015
LC18016001,3,1관,LC18016
LC18016002,3,2관,LC18016
LC18016003,3,3관,LC18016
LC18016004,3,4관,LC18016
LC18016005,3,5관,LC18016
LC18016006,3,6관,LC18016
LC18016007,3,7관,LC18016
LC18018001,3,1관,LC18018
LC18018002,3,2관,LC18018
LC18018003,3,3관,LC18018
LC18018004,3,4관,LC18018
LC18018005,3,5관,LC18018
LC18018006,3,6관,LC18018
LC18018007,3,7관,LC18018
LC18018008,3,8관,LC18018
LC18019001,3,1관,LC18019
LC18019002,3,2관,LC18019
LC18019003,3,3관,LC18019
LC18019004,3,4관,LC18019
LC18019005,3,5관,LC18019
LC18019006,3,6관,LC18019
LC18020001,3,1관,LC18020
LC18020002,3,2관,LC18020
LC18020003,3,3관,LC18020
LC18020004,3,4관,LC18020
LC18020005,3,5관,LC18020
LC18020006,3,6관,LC18020
LC18020007,3,7관,LC18020
LC18021001,3,1관,LC18021
LC18021002,3,2관,LC18021
LC18021003,3,3관,LC18021
LC18021004,3,4관,LC18021
LC18021005,3,5관,LC18021
LC19001001,3,1관,LC19001
LC19001002,3,2관,LC19001
LC19001003,3,3관,LC19001
LC19001004,3,4관,LC19001
LC19001005,3,5관,LC19001
LC19001006,3,6관,LC19001
LC19001007,3,7관,LC19001
LC19001008,3,8관,LC19001
LC19002001,3,2관,LC19002
LC19002002,3,3관,LC19002
LC19002003,3,4관,LC19002
LC19002004,3,5관,LC19002
LC19002005,3,6관,LC19002
LC19003001,3,1관,LC19003
LC19003002,3,2관,LC19003
LC19003003,3,3관,LC19003
LC19003004,3,4관,LC19003
LC19003005,3,5관,LC19003
LC19004001,3,1관,LC19004
LC19004002,3,2관,LC19004
LC19004003,3,3관,LC19004
LC19004004,3,4관,LC19004
LC19004005,3,5관,LC19004
LC19004006,3,6관,LC19004
LC19004007,3,7관,LC19004
LC19005001,3,1관,LC19005
LC19005002,3,2관,LC19005
LC19005003,3,3관,LC19005
LC19005004,3,4관,LC19005
LC19005005,3,5관,LC19005
LC19005006,3,6관,LC19005
LC19005007,3,7관,LC19005
LC19006001,3,1관,LC19006
LC19006002,3,2관,LC19006
LC19006003,3,3관,LC19006
LC19006004,3,5관,LC19006
LC19006005,3,6관,LC19006
LC19006006,3,7관,LC19006
LC19007001,3,1관,LC19007
LC19007002,3,2관,LC19007
LC19007003,3,3관,LC19007
LC19007004,3,4관,LC19007
LC19007005,3,5관,LC19007
LC19007006,3,6관,LC19007
LC19007007,3,7관,LC19007
LC19008001,3,1관,LC19008
LC19008002,3,2관,LC19008
LC19008003,3,3관,LC19008
LC19008004,3,4관,LC19008
LC19008005,3,5관,LC19008
LC19008006,3,6관,LC19008
LC19008007,3,7관,LC19008
LC19009001,3,1관,LC19009
LC19009002,3,2관,LC19009
LC19009003,3,3관,LC19009
LC19009004,3,4관,LC19009
LC19009005,3,5관,LC19009
LC19009006,3,6관,LC19009
LC19009007,3,7관,LC19009
LC19009008,3,8관,LC19009
LC19010001,3,1관,LC19010
LC19010002,3,2관,LC19010
LC19010003,3,3관,LC19010
LC19010004,3,4관,LC19010
LC19010005,3,5관,LC19010
LC19010006,3,6관,LC19010
LC19010007,3,7관,LC19010
LC19011001,3,1관,LC19011
LC19011002,3,2관,LC19011
LC19011003,3,3관,LC19011
LC19011004,3,4관,LC19011
LC19011005,3,5관,LC19011
LC19011006,3,6관,LC19011
LC19012001,3,1관,LC19012
LC19012002,3,2관,LC19012
LC19012003,3,3관,LC19012
LC19012004,3,4관,LC19012
LC19012005,3,5관,LC19012
LC19012006,3,6관,LC19012
LC19013001,3,1관,LC19013
LC19013002,3,2관,LC19013
LC19013003,3,3관,LC19013
LC19013004,3,4관,LC19013
LC19013005,3,5관,LC19013
LC19013006,3,6관,LC19013
LC19013007,3,7관,LC19013
LC19013008,3,8관,LC19013
LC19013009,3,9관,LC19013